Rk,Name,Tm,PA,HR,RBI,SB,BA,OPS,G,GS,Rtot,Pos Summary,rOBA,WAR
1,David Aardsma,CHW,0,0,0,0,,,25,0,,P,0.267,0
2,Reggie Abercrombie,FLA,80,2,5,7,0.197,0.553,19,17,5,OF,0.364,0.1
3,Bobby Abreu*,NYY,699,16,101,25,0.283,0.814,157,150,-10,OF,0.313,2.4
4,Tony Abreu#,LAD,178,2,17,0,0.271,0.713,51,38,5,3B-2B-SS,0,1
5,Winston Abreu,WSN,2,0,0,0,0,0,26,0,,P,0.318,0
6,Jeremy Accardo,TOR,0,0,0,0,,,64,0,,P,0.063,0
7,Manny Acosta,ATL,0,0,0,0,,,21,0,,P,0,0
8,Russ Adams*,TOR,69,2,12,2,0.233,0.697,18,16,-3,3B-2B,0.269,-0.4
9,Jon Adkins*,NYM,0,0,0,0,,,1,0,,P,0.139,0
10,Jeremy Affeldt*,COL,0,0,0,0,,,75,0,,P,0.395,0
11,Jonathan Albaladejo,WSN,0,0,0,0,,,14,0,,P,0.303,0
12,Matt Albers*,HOU,32,0,0,0,0.069,0.138,31,18,,P,0.312,-0.3
13,Antonio Alfonseca,PHI,1,0,0,0,0,0,61,0,,P,0.19,0
14,Eliezer Alfonzo,SFG,67,1,6,0,0.25,0.643,17,12,0,C,0.356,0
15,Sandy Alomar,NYM,22,0,0,0,0.136,0.318,6,4,2,C,0.361,-0.1
16,Moises Alou,NYM,360,13,49,3,0.341,0.916,84,84,-5,OF,0.363,2.3
17,Chip Ambres,NYM,3,0,1,0,0.333,0.667,1,0,0,OF,0.257,0
18,Alfredo Amezaga#,FLA,448,2,30,13,0.263,0.682,118,92,7,OF-SS-2B-3B-1B,0.404,2.3
19,Brian Anderson,CHW,19,0,0,0,0.118,0.387,8,3,-3,OF,0.375,-0.5
20,Garret Anderson*,LAA,450,16,80,1,0.297,0.827,85,85,7,OF,0.363,1.8
21,Josh Anderson*,HOU,75,0,11,1,0.358,0.816,19,15,-6,OF,0,0
22,Marlon Anderson*,TOT,106,3,27,4,0.295,0.806,20,12,1,OF-1B-2B,0.118,0.7
23,Marlon Anderson*,LAD,29,0,2,1,0.231,0.541,3,1,-1,SS,0.177,0
24,Marlon Anderson*,NYM,77,3,25,3,0.319,0.906,44,40,-2,OF,0,1.2
25,Robert Andino,FLA,13,0,0,0,0.385,0.846,15,0,,P,0.37,0
26,Rick Ankiel*,STL,190,11,39,1,0.285,0.863,6,0,,P,0.308,0
27,Greg Aquino,MIL,0,0,0,0,,,31,15,,P,0.294,-0.2
28,Alberto Arias,COL,2,0,0,0,0,0,34,34,,P,0.249,0
29,Tony Armas,PIT,28,0,2,0,0.115,0.269,13,0,,P,0.523,0
30,Bronson Arroyo,CIN,79,1,3,0,0.143,0.392,22,0,,P,0.126,0
31,Jose Ascanio,ATL,0,0,0,0,,,156,155,-2,3B-1B,0,0.4
32,Scott Atchison,SFG,2,0,0,0,0,0,91,81,5,1B-3B-SS-2B,0.27,0.2
33,Garrett Atkins,COL,684,25,111,3,0.301,0.853,116,102,7,C-1B-3B-2B,0.221,-0.3
34,Rich Aurilia,SFG,358,5,33,0,0.252,0.672,44,0,,P,0.291,0
35,Brad Ausmus,HOU,397,3,25,6,0.235,0.642,66,47,0,2B-SS-OF-3B,0,-0.7
36,Luis Ayala,WSN,0,0,0,0,,,5,5,,P,0.25,0.3
37,Erick Aybar#,LAA,211,1,19,4,0.237,0.568,29,20,,P,0.285,-0.1
38,Brandon Backe,HOU,11,1,1,0,0.4,1.255,14,12,,P,0.81,0
39,Mike Bacsik*,WSN,34,0,1,0,0.103,0.271,53,0,,P,0.416,0
40,Cha-Seung Baek,SEA,1,0,0,0,0,0,9,9,,P,0.324,0.1
41,Danys Báez,BAL,0,0,0,0,,,3,2,0,1B,0.341,-0.1
42,Homer Bailey,CIN,12,0,2,0,0.273,0.636,40,24,0,OF-1B-3B,0.242,-1
43,Jeff Bailey,BOS,9,1,1,0,0.111,0.556,24,23,,P,0.152,-0.1
44,Jeff Baker,COL,159,4,12,0,0.222,0.643,57,47,-2,C,0.285,-0.5
45,Scott Baker,MIN,6,0,0,0,0,0,20,20,-2,OF,0.271,0.1
46,Paul Bako*,BAL,174,1,8,0,0.205,0.534,26,0,,P,0.247,
47,Rocco Baldelli,TBD,150,5,12,4,0.204,0.626,3,0,-1,OF,0.219,
48,Wladimir Balentien,SEA,4,1,4,0,0.667,2.5,25,0,,P,0.101,
49,Grant Balfour,TOT,0,0,0,0,,,3,1,,P,0.292,
50,Grant Balfour,MIL,0,0,0,0,,,27,27,,P,0.325,
51,Brian Bannister,KCR,4,0,0,0,0.333,0.833,39,37,0,C-1B,0.236,
52,Rod Barajas,PHI,147,4,10,0,0.23,0.745,108,103,-14,C,0.332,
53,Josh Bard#,SDP,443,5,51,0,0.285,0.768,11,4,1,SS-3B-2B,0.454,
54,Brian Barden,TOT,37,0,0,0,0.171,0.416,120,115,-7,2B,0,
55,Brian Barden,ARI,12,0,0,0,0.083,0.167,2,0,0,OF,0,
56,Brian Barden,STL,25,0,0,0,0.217,0.541,18,6,0,SS-OF-2B-3B,0.306,
57,Josh Barfield,CLE,444,3,50,14,0.243,0.594,16,6,,P,0,
58,Sean Barker,COL,3,0,0,0,0,0.333,95,83,-8,C,0.335,
59,Clint Barmes,COL,39,0,1,0,0.216,0.534,1,0,,P,0.336,
60,Daniel Barone,FLA,11,0,0,0,0.111,0.222,138,135,4,SS,0.197,
61,Michael Barrett,TOT,367,9,41,2,0.244,0.653,18,18,1,1B,0.348,
62,Michael Barrett,CHC,231,9,29,2,0.256,0.734,4,0,0,3B-SS,0,
63,Michael Barrett,SDP,136,0,12,0,0.226,0.521,33,32,,P,0.12,
64,Kevin Barry,ATL,0,0,0,0,,,29,12,-2,1B-3B,0.208,
65,Jason Bartlett,MIN,570,5,43,23,0.265,0.699,9,1,,P,0.338,
66,Daric Barton*,OAK,84,4,8,1,0.347,1.067,141,140,-4,3B-OF,0,
67,Chris Basak,NYY,1,0,0,0,0,0,142,142,-14,OF,0.38,
68,Miguel Batista,SEA,6,0,0,0,0,0,39,0,,P,0.356,
69,Tony Batista,WSN,118,2,16,0,0.257,0.694,11,2,,P,0.271,
70,Denny Bautista,COL,1,0,0,0,0,0,3,0,,P,0,
71,José Bautista,PIT,614,15,63,6,0.254,0.753,30,30,,P,0.138,
72,Jason Bay,PIT,614,21,84,4,0.247,0.746,28,28,,P,0.389,
73,Jonah Bayliss,PIT,0,0,0,0,,,83,0,,P,0.096,
74,Yorman Bazardo,DET,0,0,0,0,,,30,30,,P,0,
75,Josh Beckett,BOS,11,0,1,0,0.182,0.455,81,0,,P,0.325,
76,Erik Bedard*,BAL,6,0,1,0,0.4,0.8,30,0,,P,0.353,
77,Joe Beimel*,LAD,1,0,0,0,0,0,3,1,0,3B-2B,0.372,
78,Matt Belisle,CIN,61,0,1,1,0.06,0.193,129,122,-9,2B-1B-SS-3B,0.313,
79,Heath Bell,SDP,0,0,0,0,,,2,1,0,C,0.3,
80,Rob Bell,BAL,0,0,0,0,,,141,141,11,OF,0.127,
81,Mark Bellhorn#,CIN,18,0,1,0,0.071,0.349,147,146,-3,3B,0.303,
82,Ronnie Belliard,WSN,557,11,58,3,0.29,0.759,55,0,,P,0.345,
83,Edwin Bellorin,COL,2,0,0,0,0,0,52,41,0,C-1B,0.39,
84,Carlos Beltrán#,NYM,636,33,112,23,0.276,0.878,3,2,,P,0.218,
85,Adrián Beltré,SEA,639,26,99,14,0.276,0.802,70,0,,P,0,
86,Armando Benitez,TOT,0,0,0,0,,,21,21,,P,0.299,
87,Armando Benitez,SFG,0,0,0,0,,,150,149,-15,1B-OF,0.308,
88,Armando Benitez,FLA,0,0,0,0,,,5,2,2,SS-2B-3B,0.297,
89,Gary Bennett,STL,170,2,17,1,0.252,0.621,68,0,,P,0.263,
90,Jeff Bennett,ATL,4,0,0,0,0,0,152,147,-1,SS,0.306,
91,Joaquín Benoit,TEX,0,0,0,0,,,90,60,-5,3B-1B-SS-2B-OF,0.29,
92,Jason Bergmann,WSN,44,0,0,0,0.135,0.293,114,112,-11,2B-C,0.44,
93,Lance Berkman#,HOU,668,34,102,7,0.278,0.896,43,20,,P,0.267,
94,Angel Berroa,KCR,13,0,1,0,0.091,0.258,19,2,,P,0,
95,Rafael Betancourt,CLE,1,0,0,0,0,0,2,0,,P,0.371,
96,Yuniesky Betancourt,SEA,559,9,67,5,0.289,0.725,6,0,,P,0.291,
97,Wilson Betemit#,TOT,284,14,50,0,0.229,0.788,2,2,,P,0,
98,Wilson Betemit#,LAD,192,10,26,0,0.231,0.834,155,146,2,3B-OF-1B,0.303,
99,Wilson Betemit#,NYY,92,4,24,0,0.226,0.694,39,39,-1,3B,0.352,
100,Craig Biggio,HOU,555,10,50,4,0.251,0.666,16,14,0,C-1B,0.318,
101,Chad Billingsley,LAD,41,0,2,0,0.111,0.274,34,34,,P,0.289,
102,Joe Bisenius,PHI,0,0,0,0,,,6,0,,P,0.346,
103,Travis Blackley*,SFG,3,0,0,0,0.333,0.667,80,50,-8,2B-3B-SS-OF-1B,0.139,
104,Casey Blake,CLE,662,18,78,4,0.27,0.776,87,71,4,2B-SS-3B-OF-1B,0.39,
105,Hank Blalock*,TEX,232,10,33,4,0.293,0.901,28,20,3,OF,0.083,
106,Henry Blanco,CHC,58,0,4,0,0.167,0.415,28,28,,P,0.405,
107,Joe Blanton,OAK,5,0,0,0,0,0,110,110,-8,OF,0.356,
108,Willie Bloomquist,SEA,188,2,13,7,0.277,0.65,6,6,-1,2B,0.426,
109,Geoff Blum#,SDP,370,5,33,0,0.252,0.685,31,30,,P,0.327,
110,Hiram Bocachica,TOT,88,2,5,3,0.2,0.586,3,0,,P,0.328,
111,Hiram Bocachica,OAK,20,1,3,0,0.059,0.385,55,51,-7,1B-3B,0.44,
112,Hiram Bocachica,SDP,68,1,2,3,0.238,0.643,51,0,,P,0.295,
113,Jeremy Bonderman,DET,6,0,0,0,0.167,0.333,46,37,-4,OF,0.434,
114,Barry Bonds*,SFG,477,28,66,5,0.276,1.045,64,0,,P,0.327,
115,Emilio Bonifácio#,ARI,27,0,2,0,0.217,0.594,69,0,,P,0.454,
116,Boof Bonser,MIN,5,0,0,0,0,0,28,28,13,OF,0.336,
117,Chris Booker,WSN,0,0,0,0,,,90,15,2,OF,0,
118,Aaron Boone,FLA,228,5,28,2,0.286,0.811,56,45,-3,C,0.307,
119,Chris Bootcheck,LAA,0,0,0,0,,,30,8,,P,0.239,
120,Joe Borchard#,FLA,202,4,19,4,0.196,0.6,5,0,,P,0.3,
121,Dave Borkowski,HOU,2,0,0,0,0,0,20,14,,P,0.166,
122,Joe Borowski,CLE,0,0,0,0,,,78,0,,P,0.329,
123,Jason Botts#,TEX,190,2,14,1,0.24,0.662,58,58,-2,OF,0.382,
124,Michael Bourn*,PHI,133,1,6,18,0.277,0.727,46,33,3,3B-OF-1B,0.166,
125,Rob Bowen#,TOT,188,4,18,1,0.231,0.716,26,0,,P,0,
126,Rob Bowen#,TOT,134,2,13,1,0.212,0.661,112,112,-33,3B,0.303,
127,Rob Bowen#,SDP,98,2,11,1,0.268,0.81,19,0,,P,0.305,
128,Rob Bowen#,CHC,36,0,2,0,0.065,0.263,1,0,0,1B,0.353,
129,Rob Bowen#,OAK,54,2,5,0,0.279,0.857,4,0,,P,0,
130,Micah Bowie*,WSN,13,0,1,0,0.091,0.182,11,0,,P,0.396,
131,Blaine Boyer,ATL,0,0,0,0,,,4,1,,P,0.458,
132,Chad Bradford,BAL,0,0,0,0,,,67,0,,P,0.312,
133,Milton Bradley#,TOT,244,13,37,5,0.306,0.947,73,54,-11,1B-OF,0.135,
134,Milton Bradley#,OAK,75,2,7,2,0.292,0.819,3,0,,P,0.352,
135,Milton Bradley#,SDP,169,11,30,3,0.313,1.004,33,0,,P,0.33,
136,Russell Branyan*,TOT,194,10,26,1,0.196,0.743,8,0,-1,OF,0.364,
137,Russell Branyan*,SDP,146,7,19,1,0.197,0.748,96,83,9,OF,0,
138,Russell Branyan*,PHI,9,2,5,0,0.222,1.111,4,1,0,3B,0.372,
139,Russell Branyan*,STL,39,1,2,0,0.188,0.615,83,0,,P,0.344,
140,Ryan Braun,MIL,492,34,97,15,0.324,1.004,58,0,,P,0,
141,Bill Bray*,CIN,0,0,0,0,,,71,35,2,SS-OF-3B,0.326,
142,Craig Brazell*,KCR,5,0,0,0,0.25,0.65,4,3,,P,0.405,
143,Yhency Brazoban,LAD,0,0,0,0,,,41,8,,P,0.348,
144,Doug Brocail*,SDP,2,0,0,0,0.5,1,112,104,1,C,0.122,
145,Ben Broussard*,SEA,264,7,29,2,0.275,0.734,80,75,3,OF,0.298,
146,Dee Brown*,OAK,3,0,0,0,0,0,7,5,,P,0.292,
147,Emil Brown,KCR,397,6,62,12,0.257,0.647,10,5,0,C,0.308,
148,Matthew Brown,LAA,7,0,0,1,0,0.286,30,30,,P,0.255,
149,Jonathan Broxton,LAD,0,0,0,0,,,45,0,,P,0,
150,Brian Bruney,NYY,0,0,0,0,,,6,0,,P,0.339,
151,Eric Bruntlett,HOU,165,0,14,6,0.246,0.629,5,3,,P,0.366,
152,Taylor Buchholz,COL,26,0,1,0,0.13,0.33,17,0,,P,0.31,
153,John Buck,KCR,399,18,48,0,0.222,0.738,96,71,4,OF-2B-SS,0.241,
154,Travis Buck*,OAK,334,7,34,4,0.288,0.85,48,34,-4,C,0.376,
155,Ryan Budde,LAA,18,0,1,0,0.167,0.389,25,25,,P,0.814,
156,Mark Buehrle*,CHW,6,0,0,0,0,0,138,138,-15,OF,0.248,
157,Ryan Bukvich,CHW,0,0,0,0,,,37,17,,P,0.149,
158,Bryan Bullington,PIT,4,0,0,0,0.333,0.667,47,0,,P,0,
159,Ambiorix Burgos,NYM,0,0,0,0,,,27,24,-5,3B,0.238,
160,Chris Burke,HOU,363,6,28,9,0.229,0.662,33,31,,P,0.302,
161,Jamie Burke,SEA,129,1,12,0,0.301,0.761,18,16,-3,1B-OF,0.348,
162,A.J. Burnett,TOR,2,0,0,0,0,0,45,23,2,OF-SS-2B,0.332,
163,Pat Burrell,PHI,598,30,97,0,0.256,0.902,109,103,-2,OF,0.203,
164,Brian Burres*,BAL,3,0,1,0,0.5,1,31,31,,P,0.242,
165,Jared Burton,CIN,0,0,0,0,,,39,0,,P,0.102,
166,Brian Buscher*,MIN,94,2,10,1,0.244,0.652,160,159,24,OF,0.269,
167,Dave Bush,MIL,62,0,2,0,0.127,0.306,45,40,3,2B-SS-3B,0.265,
168,Billy Butler,KCR,360,8,52,0,0.292,0.794,34,34,,P,0.343,
169,Freddie Bynum*,BAL,101,2,11,8,0.26,0.738,33,0,,P,0.327,
170,Marlon Byrd,TEX,454,10,70,5,0.307,0.814,147,137,8,OF,0.37,
171,Paul Byrd,CLE,2,0,0,0,0,0,153,152,-10,3B,0.148,
172,Tim Byrdak*,DET,0,0,0,0,,,153,153,0,SS,,
173,Eric Byrnes,ARI,699,21,83,50,0.286,0.813,32,32,,P,,
174,Asdrúbal Cabrera#,CLE,186,3,22,0,0.283,0.775,72,41,7,1B-3B-2B-SS-OF,,
175,Daniel Cabrera,BAL,3,0,0,0,0,0,46,0,,P,,
176,Fernando Cabrera,TOT,0,0,0,0,,,24,0,,P,,
177,Fernando Cabrera,CLE,0,0,0,0,,,44,31,2,3B-OF-SS-2B,,
178,Melky Cabrera#,NYY,612,8,73,13,0.273,0.718,48,0,,P,,
179,Miguel Cabrera,FLA,680,34,119,2,0.32,0.965,150,148,-4,OF,,
180,Orlando Cabrera,LAA,701,8,86,20,0.301,0.742,50,0,,P,,
181,Matt Cain,SFG,66,2,4,0,0.07,0.277,5,0,,P,,
182,Miguel Cairo,TOT,193,0,15,10,0.253,0.631,159,157,15,2B,,
183,Miguel Cairo,NYY,121,0,10,8,0.252,0.625,23,21,-5,1B-2B-3B,,
184,Miguel Cairo,STL,72,0,5,2,0.254,0.639,17,0,,P,,
185,Kiko Calero,OAK,0,0,0,0,,,76,0,,P,,
186,Alberto Callaspo#,ARI,156,0,7,1,0.215,0.535,29,25,,P,,
187,Kevin Cameron,SDP,4,0,0,0,0,0,22,20,,P,,
188,Mike Cameron,SDP,651,21,78,18,0.242,0.759,1,1,,P,,
189,Shawn Camp,TBD,0,0,0,0,,,29,1,,P,,
190,Robinson Canó*,NYY,669,19,97,4,0.306,0.841,20,12,-1,OF,,
191,Jorge Cantu,TOT,133,1,13,0,0.252,0.687,100,56,8,2B-3B-SS-OF,,
192,Jorge Cantu,TBD,65,0,4,0,0.207,0.501,3,0,,P,,
193,Jorge Cantu,CIN,68,1,9,0,0.298,0.874,23,19,-1,C,,
194,Jose Capellan,TOT,0,0,0,0,,,131,105,-3,1B,,
195,Jose Capellan,MIL,0,0,0,0,,,12,8,0,C,,
196,Matt Capps,PIT,1,0,0,0,1,2,55,50,-4,2B-SS,,
197,Chris Capuano*,MIL,48,1,3,0,0.22,0.548,45,0,,P,,
198,Buddy Carlyle*,ATL,43,0,3,0,0.139,0.278,6,4,,P,,
199,Chris Carpenter,STL,1,0,0,0,0,0,11,11,0,C,,
200,Hector Carrasco,LAA,0,0,0,0,,,61,47,-5,3B-2B-SS-OF,,
201,Brett Carroll,FLA,53,0,2,0,0.184,0.435,135,133,-11,2B,,
202,Jamey Carroll,COL,268,2,22,6,0.225,0.616,12,12,-4,OF-1B,,
203,Marcos Carvajal,FLA,0,0,0,0,,,10,1,,P,,
204,Raul Casanova#,TBD,89,6,11,0,0.253,0.834,38,18,-2,SS-3B-2B,,
205,Sean Casey*,DET,496,4,54,2,0.296,0.746,50,35,-3,C,,
206,Kevin Cash,BOS,33,0,4,0,0.111,0.391,78,73,0,OF-1B,,
207,Alexi Casilla#,MIN,204,0,9,11,0.222,0.516,14,0,,P,,
208,Santiago Casilla,OAK,0,0,0,0,,,17,0,,P,,
209,Jack Cassel,SDP,8,0,0,0,0.125,0.25,24,14,3,SS-2B-3B,,
210,Alberto Castillo,BAL,36,1,3,0,0.161,0.551,5,5,,P,,
211,Jose Castillo,PIT,230,0,24,0,0.244,0.604,64,4,,P,,
212,Luis Castillo#,TOT,615,1,38,19,0.301,0.721,19,0,,P,,
213,Luis Castillo#,MIN,384,0,18,9,0.304,0.709,67,32,3,OF,,
214,Luis Castillo#,NYM,231,1,20,10,0.296,0.742,88,87,6,3B,,
215,Kory Casto*,WSN,57,0,3,0,0.13,0.325,5,0,,P,,
216,Fabio Castro*,PHI,1,0,0,0,,,22,0,,P,,
217,Juan Castro,CIN,98,0,5,0,0.18,0.446,31,31,,P,,
218,Ramon Castro,NYM,157,11,31,0,0.285,0.887,2,0,,P,,
219,Frank Catalanotto*,TEX,377,11,44,2,0.26,0.781,5,4,2,OF,,
220,Troy Cate*,STL,1,0,0,0,0,0,57,0,,P,,
221,Andy Cavazos,STL,0,0,0,0,,,128,126,4,OF,,
222,Ronny Cedeno,CHC,80,4,13,2,0.203,0.623,48,41,-6,SS-2B-3B,,
223,Shawn Chacon,PIT,13,0,0,0,0.273,0.545,37,25,6,3B-1B-2B-P,,
224,Joba Chamberlain,NYY,0,0,0,0,,,60,22,-1,OF,,
225,Endy Chavez*,NYM,165,1,17,5,0.287,0.705,18,11,1,3B-2B-1B-SS,,
226,Eric Chavez*,OAK,379,15,46,4,0.24,0.752,83,43,3,1B,,
227,Rocky Cherry,TOT,1,0,0,0,0,0,2,0,,P,,
228,Rocky Cherry,CHC,1,0,0,0,0,0,72,57,3,SS-3B,,
229,Matt Chico*,WSN,57,0,3,0,0.167,0.333,18,17,,P,,
230,Randy Choate*,ARI,0,0,0,0,,,12,1,0,OF,,
231,Shin-Soo Choo*,CLE,20,0,5,0,0.294,0.644,6,6,,P,,
232,Vinnie Chulk,SFG,3,0,0,0,0.333,0.667,12,5,2,OF,,
233,Ryan Church*,WSN,530,15,70,3,0.272,0.813,58,0,,P,,
234,Alex Cintron#,CHW,196,2,19,2,0.243,0.605,6,0,,P,,
235,Jeff Cirillo,TOT,218,2,27,2,0.249,0.684,61,0,,P,,
236,Jeff Cirillo,MIN,174,2,21,2,0.261,0.713,19,18,,P,,
237,Jeff Cirillo,ARI,44,0,6,0,0.2,0.573,7,0,,P,,
238,Brady Clark,TOT,123,0,11,1,0.262,0.698,39,0,,P,,
239,Brady Clark,LAD,66,0,5,1,0.224,0.601,71,57,-3,1B-OF-3B,,
240,Brady Clark,SDP,57,0,6,0,0.306,0.812,32,30,,P,,
241,Howie Clark*,TOR,57,0,2,1,0.204,0.543,25,25,,P,,
242,Tony Clark#,ARI,245,17,51,0,0.249,0.822,73,52,6,2B-SS-1B,,
243,Darren Clarke,COL,0,0,0,0,,,9,0,,P,,
244,Royce Clayton,TOT,216,1,12,2,0.246,0.629,76,0,,P,,
245,Royce Clayton,TOR,210,1,12,2,0.254,0.648,66,0,,P,,
246,Royce Clayton,BOS,6,0,0,0,0,0,9,0,,P,,
247,Roger Clemens,NYY,2,0,0,0,0.5,1,10,9,,P,,
248,Jeff Clement*,SEA,19,2,3,0,0.375,1.286,6,0,,P,,
249,Brent Clevlen,DET,10,0,0,0,0.1,0.2,78,0,,P,,
250,Tyler Clippard,NYY,3,0,0,0,0.5,1.5,59,8,,P,,
251,Buck Coats*,CIN,38,0,2,0,0.206,0.587,6,3,-1,2B,,
252,Todd Coffey,CIN,0,0,0,0,,,27,18,3,OF,,
253,Willie Collazo*,NYM,0,0,0,0,,,32,26,2,C-1B,,
254,Jesus Colome,WSN,1,0,0,0,0,0,5,5,-1,C,,
255,Bartolo Colon,LAA,3,0,0,0,0,0,16,0,,P,,
256,Steve Colyer*,ATL,0,0,0,0,,,93,66,8,3B-2B-SS,,
257,Clay Condrey,PHI,4,0,0,0,0,0,64,0,,P,,
258,Jeff Conine,TOT,292,6,37,4,0.254,0.7,18,0,,P,,
259,Jeff Conine,CIN,242,6,32,4,0.265,0.729,139,136,3,OF,,
260,Jeff Conine,NYM,50,0,5,0,0.195,0.55,46,45,5,3B,,
261,José Contreras,CHW,1,0,0,0,0,0,144,137,31,OF,,
262,Aaron Cook,COL,60,0,1,0,0.238,0.629,92,92,-3,SS,,
263,Alex Cora*,BOS,232,3,18,1,0.246,0.684,1,0,-1,SS,,
264,Tim Corcoran,TBD,0,0,0,0,,,70,60,3,OF,,
265,Chad Cordero,WSN,1,0,0,0,0,0,53,0,,P,,
266,Francisco Cordero,MIL,0,0,0,0,,,94,79,-4,OF,,
267,Lance Cormier,ATL,17,0,0,0,0,0.059,144,144,-3,OF-1B,,
268,Rheal Cormier*,CIN,0,0,0,0,,,60,58,-5,OF,,
269,Manny Corpas,COL,0,0,0,0,,,85,76,7,OF-1B,,
270,Kevin Correia,SFG,19,0,0,0,0.067,0.192,26,26,,P,,
271,Fernando Cortez*,KCR,16,0,1,0,0.286,0.69,33,20,1,OF,,
272,Shane Costa*,KCR,109,0,12,0,0.223,0.558,2,0,,P,,
273,Chris Coste,PHI,137,5,22,0,0.279,0.73,28,28,,P,,
274,Humberto Cota,PIT,18,0,3,0,0.286,0.746,33,33,,P,,
275,Neal Cotts*,CHC,0,0,0,0,,,24,0,,P,,
276,Craig Counsell*,MIL,334,3,24,4,0.22,0.632,11,0,,P,,
277,Jon Coutlangus*,CIN,0,0,0,0,,,62,45,3,OF,,
278,Carl Crawford*,TBD,627,11,80,50,0.315,0.82,13,0,,P,,
279,Joe Crede,CHW,178,4,22,0,0.216,0.576,35,34,-7,OF,,
280,Coco Crisp#,BOS,591,6,60,28,0.268,0.712,6,0,,P,,
281,Bobby Crosby,OAK,374,8,31,10,0.226,0.619,6,0,,P,,
282,Enrique Cruz,CIN,1,0,0,0,0,0,26,23,,P,,
283,José Cruz#,SDP,293,6,21,6,0.234,0.691,16,0,,P,,
284,Juan Cruz,ARI,2,0,0,0,0,0,156,153,7,OF,,
285,Nelson Cruz,TEX,333,9,34,2,0.235,0.671,44,0,,P,,
286,Michael Cuddyer,MIN,623,16,81,5,0.276,0.79,138,138,0,1B,,
287,Jack Cust*,OAK,507,26,82,0,0.256,0.912,51,44,-2,OF,,
288,Johnny Damon*,NYY,605,12,63,27,0.27,0.747,66,0,,P,,
289,John Danks*,CHW,2,0,0,0,0,0,147,138,7,2B-3B-OF-1B-SS,,
290,Jeff DaVanon#,TOT,104,0,6,1,0.213,0.577,7,6,,P,,
291,Jeff DaVanon#,ARI,33,0,1,1,0.154,0.534,17,5,,P,,
292,Jeff DaVanon#,OAK,71,0,5,0,0.238,0.596,1,0,,P,,
293,Dave Davidson*,PIT,0,0,0,0,,,10,0,,P,,
294,Kyle Davies,TOT,30,1,4,0,0.192,0.596,98,77,-1,OF-1B,,
295,Kyle Davies,ATL,30,1,4,0,0.192,0.596,26,20,2,OF,,
296,Doug Davis,ARI,68,0,1,0,0.069,0.154,16,11,0,C,,
297,Jason Davis,TOT,0,0,0,0,,,18,11,2,OF-1B-2B-3B,,
298,Jason Davis,SEA,0,0,0,0,,,35,20,,P,,
299,Kane Davis,PHI,0,0,0,0,,,98,78,-8,3B-1B-OF-2B,,
300,Rajai Davis,TOT,219,1,9,22,0.279,0.735,31,0,,P,,
301,Rajai Davis,PIT,57,0,2,5,0.271,0.711,27,0,,P,,
302,Rajai Davis,SFG,162,1,7,17,0.282,0.743,33,0,,P,,
303,Dewon Day,CHW,0,0,0,0,,,67,63,4,OF-C-1B,,
304,Alejandro De Aza*,FLA,158,0,8,2,0.229,0.574,3,0,,P,,
305,Jordan De Jong,TOR,0,0,0,0,,,81,0,,P,,
306,Frankie De La Cruz,DET,0,0,0,0,,,5,0,,P,,
307,Jorge De La Rosa*,KCR,5,0,0,0,0,0,135,126,5,OF,,
308,David DeJesus*,KCR,703,7,58,10,0.26,0.722,147,143,-6,SS,,
309,Manny Delcarmen,BOS,0,0,0,0,,,2,0,,P,,
310,Carlos Delgado*,NYM,607,24,87,4,0.258,0.781,17,0,,P,,
311,David Dellucci*,CLE,199,4,20,2,0.23,0.679,25,3,,P,,
312,Ryan Dempster,CHC,1,0,0,0,0,0,68,58,5,OF,,
313,Mark DeRosa,CHC,574,10,72,1,0.293,0.792,20,19,,P,,
314,Elmer Dessens,TOT,9,0,0,0,0,0.25,40,38,-3,OF,,
315,Elmer Dessens,MIL,0,0,0,0,,,6,6,,P,,
316,Elmer Dessens,COL,9,0,0,0,0,0.25,102,91,-14,OF-1B,,
317,Ross Detwiler,WSN,0,0,0,0,,,20,6,1,OF-1B,,
318,Joey Devine,ATL,0,0,0,0,,,144,142,-12,OF,,
319,Matt Diaz,ATL,384,12,45,4,0.338,0.865,36,19,,P,,
320,Victor Diaz,TEX,108,9,25,0,0.24,0.798,19,10,,P,,
321,Mike Difelice,NYM,47,0,5,0,0.25,0.661,124,117,-1,2B,,
322,Joe Dillon,MIL,82,0,10,0,0.342,0.89,135,135,-16,OF,,
323,Lenny DiNardo*,OAK,4,0,0,0,0.25,0.5,52,46,5,2B-OF-1B-3B,,
324,Greg Dobbs*,PHI,358,10,55,3,0.272,0.78,30,30,,P,,
325,Brendan Donnelly,BOS,0,0,0,0,,,114,112,-5,SS,,
326,Octavio Dotel,TOT,0,0,0,0,,,104,99,-4,OF-1B,,
327,Octavio Dotel,KCR,0,0,0,0,,,9,9,,P,,
328,Octavio Dotel,ATL,0,0,0,0,,,11,9,0,OF-1B,,
329,Ryan Doumit#,PIT,279,9,32,1,0.274,0.813,150,149,15,2B,,
330,Dennis Dove,STL,0,0,0,0,,,78,20,9,OF,,
331,Scott Downs*,TOR,0,0,0,0,,,33,28,3,OF,,
332,J.D. Drew*,BOS,552,11,64,4,0.27,0.796,68,0,,P,,
333,Stephen Drew*,ARI,619,12,60,9,0.238,0.683,137,134,-21,3B,,
334,Travis Driskill,HOU,1,0,0,0,,,74,72,-17,OF,,
335,Brandon Duckworth,KCR,1,0,0,0,1,2,3,1,,P,,
336,Chris Duffy*,PIT,270,3,22,13,0.249,0.67,81,63,-10,3B-1B,,
337,Zach Duke*,PIT,35,0,3,0,0.25,0.5,82,74,6,OF-1B,,
338,Elijah Dukes,TBD,220,10,21,2,0.19,0.709,30,30,,P,,
339,Phil Dumatrait,CIN,6,0,0,0,0,0,85,75,1,SS-2B-3B,,
340,Chris Duncan*,STL,432,21,70,2,0.259,0.834,1,0,0,C,,
341,Shelley Duncan,NYY,83,7,17,0,0.257,0.883,113,111,-8,C,,
342,Adam Dunn*,CIN,632,40,106,9,0.264,0.94,145,117,4,OF,,
343,Chad Durbin,DET,5,0,1,0,0,0,7,3,1,OF,,
344,J.D. Durbin,TOT,22,0,0,0,0.263,0.579,5,1,,P,,
345,J.D. Durbin,ARI,0,0,0,0,,,66,62,11,SS,,
346,J.D. Durbin,PHI,22,0,0,0,0.263,0.579,55,0,,P,,
347,Ray Durham#,SFG,528,11,71,10,0.218,0.638,33,2,,P,,
348,Jermaine Dye,CHW,561,28,78,2,0.254,0.804,33,12,3,SS-2B-OF-3B,,
349,Damion Easley,NYM,218,10,26,0,0.28,0.824,16,0,,P,,
350,Adam Eaton,PHI,71,1,5,0,0.21,0.52,64,0,,P,,
351,David Eckstein,STL,484,3,31,10,0.309,0.739,16,14,-2,C,,
352,Jim Edmonds*,STL,411,12,53,0,0.252,0.728,13,9,,P,,
353,Scott Elarton,KCR,1,0,0,0,0,0,29,0,,P,,
354,Brad Eldred,PIT,47,2,3,0,0.109,0.389,78,0,,P,,
355,Mark Ellis,OAK,642,19,76,9,0.276,0.777,148,142,16,3B-1B-OF-C,,
356,Jason Ellison,TOT,104,1,2,4,0.234,0.564,97,42,-3,1B-OF,,
357,Jason Ellison,SEA,48,0,0,3,0.283,0.58,1,0,,P,,
358,Jason Ellison,CIN,56,1,2,1,0.188,0.549,153,151,-11,1B,,
359,Jacoby Ellsbury*,BOS,127,3,18,9,0.353,0.902,100,99,-9,3B-OF,,
360,Alan Embree*,OAK,0,0,0,0,,,114,113,-11,3B-OF-2B,,
361,Edwin Encarnación,CIN,560,16,76,8,0.289,0.794,2,0,0,SS-OF,,
362,Juan Encarnacion,STL,307,9,47,2,0.283,0.769,28,15,-3,OF,,
363,John Ennis,PHI,3,0,0,0,0.333,0.667,55,42,1,C,,
364,Morgan Ensberg,TOT,324,12,39,0,0.23,0.724,70,0,,P,,
365,Morgan Ensberg,HOU,259,8,31,0,0.232,0.707,17,0,,P,,
366,Morgan Ensberg,SDP,65,4,8,0,0.224,0.79,79,75,5,OF,,
367,Darin Erstad*,CHW,347,4,32,7,0.248,0.645,16,10,,P,,
368,Kelvim Escobar,LAA,7,0,0,0,0.333,0.667,30,29,,P,,
369,Yunel Escobar,ATL,355,5,28,5,0.326,0.837,64,53,-2,2B-SS,,
370,Brian Esposito,STL,0,0,0,0,,,49,27,-5,OF,,
371,Johnny Estrada#,MIL,464,10,54,0,0.278,0.699,40,10,,P,,
372,Andre Ethier*,LAD,507,13,64,0,0.284,0.802,4,3,0,OF-1B,,
373,Terry Evans,LAA,13,1,2,0,0.091,0.594,34,34,,P,,
374,Dana Eveland*,ARI,1,0,0,0,,,19,14,3,OF,,
375,Adam Everett,HOU,236,2,15,4,0.232,0.599,59,0,,P,,
376,Scott Eyre*,CHC,1,0,0,0,0,0,18,16,4,1B-3B,,
377,Willie Eyre,TEX,0,0,0,0,,,162,162,16,OF,,
378,Brandon Fahey*,BAL,56,0,1,2,0.167,0.419,89,61,-5,2B-SS-OF-3B,,
379,Brian Falkenborg,STL,1,0,0,0,0,0,69,0,,P,,
380,Kyle Farnsworth,NYY,0,0,0,0,,,51,0,,P,,
381,Sal Fasano,TOR,49,1,4,0,0.178,0.54,69,65,-12,OF-3B-2B,,
382,Ryan Feierabend*,SEA,0,0,0,0,,,64,0,,P,,
383,Scott Feldman*,TEX,0,0,0,0,,,8,1,1,OF,,
384,Pedro Feliciano*,NYM,0,0,0,0,,,49,0,,P,,
385,Pedro Feliz,SFG,590,20,72,2,0.253,0.708,138,138,11,SS,,
386,Robert Fick*,WSN,221,2,16,0,0.234,0.614,11,5,-2,SS-2B-3B-OF,,
387,Nate Field,FLA,0,0,0,0,,,15,15,,P,,
388,Prince Fielder*,MIL,681,50,119,2,0.288,1.013,54,0,,P,,
389,Josh Fields,CHW,418,23,67,1,0.244,0.788,3,1,,P,,
390,Chone Figgins#,LAA,503,3,58,41,0.33,0.825,1,1,0,OF,,
391,Luis Figueroa#,SFG,5,0,0,0,0.2,0.4,8,0,,P,,
392,Steve Finley*,COL,102,1,2,0,0.181,0.49,20,17,,P,,
393,Jesus Flores,WSN,197,4,25,0,0.244,0.671,1,0,,P,,
394,Randy Flores*,STL,1,0,0,0,0,0,11,11,,P,,
395,Ron Flores*,OAK,0,0,0,0,,,8,0,,P,,
396,Cliff Floyd*,CHC,322,9,45,0,0.284,0.795,111,107,-8,1B-3B,,
397,Josh Fogg,COL,63,0,1,0,0.132,0.28,62,0,,P,,
398,Mike Fontenot*,CHC,260,3,29,5,0.278,0.738,125,121,-5,1B,,
399,Lew Ford,MIN,130,3,14,3,0.233,0.677,32,32,,P,,
400,Casey Fossum*,TBD,0,0,0,0,,,16,15,,P,,
401,Jake Fox,CHC,15,0,1,0,0.143,0.486,72,64,-1,OF,,
402,Jeff Francis*,COL,79,0,3,0,0.188,0.446,34,34,,P,,
403,Ben Francisco,CLE,66,3,12,0,0.274,0.803,57,0,,P,,
404,Frank Francisco,TEX,0,0,0,0,,,105,83,-7,2B-3B-OF-SS,,
405,Julio Franco,TOT,106,1,16,2,0.222,0.61,26,23,,P,,
406,Julio Franco,NYM,61,1,8,2,0.2,0.588,18,16,1,1B,,
407,Julio Franco,ATL,45,0,8,0,0.25,0.636,45,43,-5,OF,,
408,Jeff Francoeur,ATL,696,19,105,5,0.293,0.782,8,0,,P,,
409,Kevin Frandsen,SFG,296,5,31,4,0.269,0.71,4,3,0,C,,
410,Ryan Franklin,STL,2,0,1,0,0.5,1,120,120,-24,OF,,
411,Jason Frasor,TOR,0,0,0,0,,,112,106,4,2B,,
412,Ryan Freel,CIN,304,3,16,15,0.245,0.655,114,110,0,3B,,
413,Brian Fuentes*,COL,0,0,0,0,,,34,34,,P,,
414,Sam Fuld*,CHC,9,0,0,0,0,0.333,95,81,-5,1B-OF,,
415,Aaron Fultz*,CLE,0,0,0,0,,,67,0,,P,,
416,Rafael Furcal#,LAD,643,6,47,25,0.27,0.687,74,0,,P,,
417,J.J. Furmaniak,OAK,22,0,1,0,0.176,0.599,57,50,-7,OF,,
418,Eric Gagne,TOT,0,0,0,0,,,52,34,6,OF,,
419,Eric Gagne,TEX,0,0,0,0,,,87,54,2,3B-1B-SS-2B,,
420,John Gall,FLA,5,0,0,0,0,0.2,161,161,9,1B,,
421,Sean Gallagher,CHC,2,0,0,0,0,0.5,12,2,0,SS-3B,,
422,Yovani Gallardo,MIL,42,2,6,0,0.25,0.743,103,98,0,SS,,
423,Anderson Garcia,PHI,0,0,0,0,,,64,50,-3,OF-3B-2B-1B-SS,,
424,Freddy Garcia,PHI,22,0,2,0,0.235,0.594,32,12,,P,,
425,Harvey Garcia,FLA,0,0,0,0,,,1,0,,P,,
426,Nomar Garciaparra,LAD,466,7,59,3,0.283,0.7,127,126,-10,OF,,
427,Lee Gardner,FLA,4,0,0,0,0,0,18,0,,P,,
428,Ryan Garko,CLE,541,21,61,0,0.289,0.842,149,145,3,3B-1B-SS,,
429,Jon Garland,CHW,2,0,0,0,,,44,0,,P,,
430,Matt Garza,MIN,3,0,0,0,0,0,2,1,0,OF,,
431,Joey Gathright*,KCR,261,0,19,9,0.307,0.713,32,32,,P,,
432,Chad Gaudin,OAK,5,0,0,0,0,0.25,23,0,,P,,
433,Geoff Geary,PHI,4,0,0,0,0,0,43,36,-5,2B-SS-3B,,
434,Esteban German,KCR,405,4,37,11,0.264,0.727,63,0,,P,,
435,Justin Germano,SDP,41,0,2,0,0.156,0.416,62,60,6,2B-3B-1B-OF-SS,,
436,Jason Giambi*,NYY,303,14,39,1,0.236,0.79,157,140,-3,OF,,
437,Jay Gibbons*,BAL,290,6,28,0,0.23,0.621,5,1,1,2B-SS,,
438,Dan Giese,SFG,0,0,0,0,,,64,0,,P,,
439,Geronimo Gil,COL,16,0,0,0,0.071,0.205,122,117,-8,OF-1B,,
440,Jerry Gil,CIN,0,0,0,0,,,153,153,8,SS,,
441,Brian Giles*,SDP,552,13,51,4,0.271,0.777,74,0,,P,,
442,Marcus Giles,SDP,476,4,39,10,0.229,0.621,52,14,,P,,
443,Troy Glaus,TOR,456,20,62,0,0.262,0.839,133,131,-19,OF,,
444,Tom Glavine*,NYM,75,0,4,0,0.214,0.518,3,3,-1,OF,,
445,Ross Gload*,KCR,346,7,51,2,0.288,0.759,57,0,,P,,
446,Gary Glover,TBD,0,0,0,0,,,1,0,,P,,
447,Jimmy Gobble*,KCR,0,0,0,0,,,52,43,8,OF,,
448,Jonny Gomes,TBD,394,17,49,12,0.244,0.782,116,110,5,2B-SS,,
449,Carlos Gómez,NYM,139,2,12,12,0.232,0.592,15,0,,P,,
450,Chris Gomez,TOT,240,1,21,1,0.297,0.699,108,108,12,OF,,
451,Chris Gomez,BAL,185,1,16,1,0.302,0.729,73,0,,P,,
452,Chris Gomez,CLE,55,0,5,0,0.283,0.599,147,144,-12,SS-1B,,
453,Adrián González*,SDP,720,30,100,0,0.282,0.849,150,150,-6,OF,,
454,Alberto Gonzalez,NYY,15,0,1,0,0.071,0.205,32,26,,P,,
455,Alex Gonzalez,CIN,430,16,55,0,0.272,0.793,95,68,-1,OF,,
456,Andy González,CHW,215,2,11,1,0.185,0.529,7,3,,P,,
457,Edgar Gonzalez,ARI,24,0,0,0,0.19,0.381,12,3,,P,,
458,Enrique Gonzalez,ARI,0,0,0,0,,,44,42,3,SS,,
459,Luis Gonzalez*,LAD,526,15,68,6,0.278,0.793,4,1,0,OF,,
460,Mike Gonzalez,ATL,0,0,0,0,,,13,6,-1,3B-1B-SS,,
461,Alex Gordon*,KCR,601,15,60,14,0.247,0.725,3,0,,P,,
462,Tom Gordon,PHI,0,0,0,0,,,39,22,-1,OF,,
463,Nick Gorneault,LAA,5,0,0,0,0,0.2,8,0,,P,,
464,Tom Gorzelanny,PIT,72,0,3,0,0.063,0.17,11,10,2,1B,,
465,Mike Gosling*,CIN,5,0,0,0,0,0,71,41,9,OF-2B-3B-SS,,
466,Ruben Gotay#,NYM,211,4,24,3,0.295,0.772,79,60,2,OF,,
467,John Grabow*,PIT,1,0,0,0,0,0,130,116,-5,OF,,
468,Tony Graffanino,MIL,260,9,30,0,0.238,0.705,37,35,-4,C,,
469,Curtis Granderson*,DET,676,23,74,26,0.302,0.913,31,31,,P,,
470,Nick Green,SEA,7,0,0,0,0,0,28,28,,P,,
471,Sean Green,SEA,0,0,0,0,,,84,75,5,OF,,
472,Shawn Green*,NYM,491,10,46,11,0.291,0.782,24,14,,P,,
473,Khalil Greene,SDP,659,27,97,4,0.254,0.759,24,6,-1,C-OF-3B-1B,,
474,Kevin Gregg,FLA,2,0,0,0,0,0,39,0,,P,,
475,Zack Greinke,KCR,1,0,0,0,0,0,8,0,,P,,
476,Ken Griffey Jr.*,CIN,623,30,93,6,0.277,0.869,3,2,0,C,,
477,John-Ford Griffin*,TOR,14,1,3,0,0.3,1.129,41,40,-3,3B,,
478,Jason Grilli,DET,0,0,0,0,,,12,11,,P,,
479,Gabe Gross*,MIL,210,7,24,3,0.235,0.766,3,1,,P,,
480,Mark Grudzielanek,KCR,486,6,51,1,0.302,0.772,1,1,,P,,
481,Eddie Guardado,CIN,0,0,0,0,,,34,34,,P,,
482,Vladimir Guerrero,LAA,660,27,125,2,0.324,0.95,7,4,,P,,
483,Matt Guerrier,MIN,0,0,0,0,,,149,145,0,SS,,
484,Carlos Guillen#,DET,630,21,102,13,0.296,0.859,34,34,,P,,
485,Jose Guillen,SEA,659,23,99,5,0.29,0.813,1,1,,P,,
486,Jeremy Guthrie,BAL,7,0,0,0,0,0,135,133,-22,SS-2B-3B,,
487,Franklin Gutierrez,CLE,301,13,36,8,0.266,0.79,100,78,1,OF-3B,,
488,J.C. Gutierrez,HOU,7,0,0,0,0,0,128,122,7,OF,,
489,Angel Guzman,CHC,7,0,0,0,0,0,8,0,,P,,
490,Cristian Guzman#,WSN,192,2,14,2,0.328,0.846,96,85,0,1B,,
491,Freddy Guzman#,TEX,6,1,1,0,0.167,0.833,62,0,,P,,
492,Joel Guzman,TBD,39,0,4,0,0.243,0.66,142,137,-4,OF,,
493,Tony Gwynn*,MIL,135,0,10,8,0.26,0.643,33,8,-1,OF,,
494,Travis Hafner*,CLE,661,24,100,1,0.266,0.837,5,5,-2,3B,,
495,Jerry Hairston,TEX,184,3,16,5,0.189,0.538,81,0,,P,,
496,Scott Hairston,TOT,294,11,36,2,0.243,0.765,21,14,-3,C,,
497,Scott Hairston,ARI,199,3,16,2,0.222,0.659,84,65,-2,3B-1B,,
498,Scott Hairston,SDP,95,8,20,0,0.287,0.981,153,152,13,1B,,
499,Bill Hall,MIL,503,14,63,4,0.254,0.74,39,15,,P,,
500,Toby Hall,CHW,120,0,3,0,0.207,0.466,29,1,,P,,
501,Roy Halladay,TOR,4,0,1,0,0.5,1,69,0,,P,,
502,Cole Hamels*,PHI,72,0,2,0,0.141,0.336,13,9,,P,,
503,Josh Hamilton*,CIN,337,19,47,3,0.292,0.922,35,0,,P,,
504,Jason Hammel,TBD,1,0,1,0,1,3,116,114,10,OF,,
505,Robby Hammock,ARI,49,0,0,0,0.244,0.595,1,0,0,SS,,
506,Justin Hampson*,SDP,4,0,0,0,0,0,30,30,,P,,
507,Josh Hancock,STL,1,0,0,0,0,0,33,33,,P,,
508,Ryan Hanigan,CIN,11,0,2,0,0.3,0.764,26,16,6,SS-2B-OF,,
509,Jack Hannahan*,OAK,169,3,24,1,0.278,0.793,27,24,,P,,
510,Joel Hanrahan,WSN,17,0,3,0,0.286,0.857,104,97,-2,C-1B,,
511,J.A. Happ*,PHI,1,0,0,0,0,0,32,32,,P,,
512,Aaron Harang,CIN,88,0,2,0,0.095,0.225,50,0,,P,,
513,Rich Harden*,OAK,0,0,0,0,,,14,0,,P,,
514,J.J. Hardy,MIL,638,26,80,2,0.277,0.786,17,14,1,1B-3B-OF,,
515,Dan Haren,OAK,4,0,0,0,0,0,160,158,20,2B,,
516,Tim Harikkala,COL,1,0,1,0,1,2,32,25,2,C-OF,,
517,Brendan Harris,TBD,576,12,59,4,0.286,0.777,32,32,,P,,
518,Willie Harris*,ATL,391,2,32,17,0.27,0.741,16,16,,P,,
519,Corey Hart,MIL,566,24,81,23,0.295,0.892,25,24,-4,3B-1B,,
520,Kevin Hart,CHC,0,0,0,0,,,75,48,6,1B-OF,,
521,Scott Hatteberg*,CIN,417,10,47,0,0.31,0.868,19,19,,P,,
522,LaTroy Hawkins,COL,1,0,0,0,0,0,4,1,,P,,
523,Brad Hawpe*,COL,606,29,116,0,0.291,0.926,23,0,,P,,
524,Nathan Haynes*,LAA,48,0,1,1,0.267,0.624,61,0,,P,,
525,Chase Headley#,SDP,21,0,0,0,0.222,0.611,157,157,18,OF,,
526,Aaron Heilman,NYM,0,0,0,0,,,3,1,0,C-1B,,
527,Chris Heintz,MIN,61,0,7,0,0.25,0.538,92,63,17,OF,,
528,Wes Helms,PHI,308,5,39,0,0.246,0.665,18,0,,P,,
529,Todd Helton*,COL,682,17,91,0,0.32,0.928,11,5,-1,C-3B-1B,,
530,Mark Hendrickson*,LAD,30,0,1,0,0.037,0.178,140,138,-4,1B,,
531,Sean Henn,NYY,1,0,0,0,0,0,10,10,,P,,
532,Brad Hennessey,SFG,1,0,0,0,0,0,78,0,,P,,
533,Clay Hensley,SDP,16,0,2,1,0.214,0.429,10,7,-1,SS,,
534,Matt Herges*,COL,6,0,0,0,0,0,9,0,,P,,
535,Jeremy Hermida*,FLA,484,18,63,3,0.296,0.87,3,2,0,OF,,
536,Anderson Hernandez#,NYM,3,0,0,0,0.333,0.667,1,1,,P,,
537,Félix Hernández,SEA,4,0,1,0,0.25,0.5,137,137,0,2B,,
538,Liván Hernández,ARI,79,1,5,0,0.213,0.477,34,34,,P,,
539,Luis Hernandez#,BAL,71,1,7,2,0.29,0.662,66,64,-3,1B-3B,,
540,Orlando Hernandez,NYM,54,0,3,2,0.167,0.375,13,13,,P,,
541,Ramon Hernandez,BAL,409,9,62,1,0.258,0.714,5,0,,P,,
542,Roberto Hernandez,CLE,5,0,0,0,0,0,3,1,,P,,
543,Roberto Hernandez,TOT,0,0,0,0,,,155,155,-8,OF,,
544,Roberto Hernandez,CLE,0,0,0,0,,,60,54,2,C,,
545,Roberto Hernandez,LAD,0,0,0,0,,,131,131,-13,OF,,
546,Yoel Hernandez,PHI,0,0,0,0,,,14,12,,P,,
547,Mike Hessman,DET,57,4,12,0,0.235,0.769,121,118,-4,2B,,
548,Aaron Hill,TOR,657,17,78,4,0.291,0.792,60,37,-1,2B-OF-SS-3B,,
549,Koyie Hill#,CHC,105,2,12,0,0.161,0.5,150,146,16,3B,,
550,Rich Hill*,CHC,67,0,5,0,0.127,0.299,1,1,0,3B,,
551,Shawn Hill,WSN,37,0,0,0,0.077,0.277,63,0,,P,,
552,Shea Hillenbrand,TOT,278,4,31,0,0.251,0.599,121,121,0,3B-2B,,
553,Shea Hillenbrand,LAA,204,3,22,0,0.254,0.599,99,74,2,SS-3B,,
554,Shea Hillenbrand,LAD,74,1,9,0,0.243,0.6,94,88,3,3B-2B-SS,,
555,Eric Hinske*,BOS,218,6,21,3,0.204,0.714,109,108,-3,1B-OF-3B,,
556,Jason Hirsh,COL,34,0,2,0,0.097,0.222,32,31,,P,,
557,Trevor Hoffman,SDP,0,0,0,0,,,108,105,-5,1B,,
558,Matt Holliday,COL,713,36,137,11,0.34,1.012,30,30,,P,,
559,Paul Hoover,FLA,8,0,0,0,0.375,0.75,70,0,,P,,
560,Norris Hopper,CIN,335,0,14,14,0.329,0.758,121,109,-1,OF,,
561,D.J. Houlton,LAD,0,0,0,0,,,66,0,,P,,
562,J.R. House,BAL,41,3,3,0,0.211,0.768,19,18,,P,,
563,Ryan Howard*,PHI,648,47,136,1,0.268,0.976,155,153,-13,SS,,
564,J.P. Howell*,TBD,6,0,1,0,0.333,0.667,22,16,-1,SS-2B-3B,,
565,Bob Howry*,CHC,0,0,0,0,,,34,0,,P,,
566,Chin-lung Hu,LAD,31,2,5,0,0.241,0.759,15,15,,P,,
567,Justin Huber,KCR,10,0,0,0,0.1,0.2,3,0,0,OF,,
568,Orlando Hudson#,ARI,601,10,63,10,0.294,0.817,133,128,17,C,,
569,Tim Hudson,ATL,83,0,9,0,0.263,0.594,9,7,2,OF,,
570,Aubrey Huff*,BAL,603,15,72,1,0.28,0.778,97,96,2,1B,,
571,Eric Hull,LAD,0,0,0,0,,,1,0,,P,,
572,Philip Humber,NYM,2,0,0,0,0,0,4,4,,P,,
573,Torii Hunter,MIN,650,28,107,18,0.287,0.839,133,127,5,2B,,
574,Chris Iannetta,COL,234,4,27,0,0.218,0.681,10,10,,P,,
575,Raul Ibanez*,SEA,636,21,105,0,0.291,0.831,78,62,2,OF,,
576,Kei Igawa*,NYY,2,0,0,0,,,4,0,0,C,,
577,Tadahito Iguchi,TOT,533,9,43,14,0.267,0.747,55,0,,P,,
578,Tadahito Iguchi,CHW,377,6,31,8,0.251,0.723,38,16,-3,OF,,
579,Tadahito Iguchi,PHI,156,3,12,6,0.304,0.803,154,153,12,OF,,
580,Omar Infante,DET,178,2,17,4,0.271,0.662,5,5,-1,OF,,
581,Brandon Inge,DET,577,14,71,9,0.236,0.688,126,126,4,3B-SS,,
582,Joe Inglett*,TOR,5,0,2,1,0.6,1.6,14,10,-2,1B-OF,,
583,Jason Isringhausen,STL,0,0,0,0,,,9,0,,P,,
584,Akinori Iwamura*,TBD,559,7,34,12,0.285,0.77,122,113,5,OF,,
585,Cesar Izturis#,TOT,337,0,16,3,0.258,0.618,63,0,,P,,
586,Cesar Izturis#,CHC,207,0,8,3,0.246,0.601,4,4,0,C,,
587,Cesar Izturis#,PIT,130,0,8,0,0.276,0.643,68,0,,P,,
588,Maicer Izturis#,LAA,374,6,51,7,0.289,0.753,7,7,,P,,
589,Conor Jackson,ARI,477,15,60,2,0.284,0.836,7,3,,P,,
590,Edwin Jackson,TBD,2,0,0,0,0.5,1,52,26,-5,3B-OF-2B-SS-1B,,
591,Mike Jacobs*,FLA,460,17,54,1,0.265,0.775,34,34,,P,,
592,Chuck James*,ATL,63,0,2,0,0.113,0.278,159,157,13,OF,,
593,Casey Janssen,TOR,0,0,0,0,,,4,3,,P,,
594,Geoff Jenkins*,MIL,464,21,64,2,0.255,0.79,10,3,0,SS-2B-OF,,
595,Bobby Jenks,CHW,0,0,0,0,,,91,66,-6,OF,,
596,Jason Jennings*,HOU,30,0,1,0,0.077,0.249,132,130,-10,C-OF,,
597,Derek Jeter,NYY,714,12,73,15,0.322,0.84,86,85,2,2B,,
598,D'Angelo Jimenez#,WSN,128,2,10,2,0.245,0.752,20,20,,P,,
599,Kelvin Jimenez,STL,3,0,0,0,0,0.333,80,74,-6,2B-SS-OF,,
600,Ubaldo Jiménez,COL,31,0,0,0,0.083,0.269,3,3,,P,,
601,Charlton Jimerson,SEA,2,1,1,2,1,3.5,39,16,,P,,
602,Kenji Johjima,SEA,513,14,61,0,0.287,0.755,9,0,,P,,
603,Ben Johnson,NYM,30,0,1,0,0.185,0.456,133,132,-4,2B,,
604,Dan Johnson*,OAK,495,18,62,0,0.236,0.768,4,0,,P,,
605,Josh Johnson*,FLA,3,0,0,0,0,0,62,55,2,SS-3B-2B-OF-1B,,
606,Kelly Johnson*,ATL,608,16,68,9,0.276,0.831,30,19,5,OF,,
607,Randy Johnson,ARI,18,0,0,0,0.067,0.192,28,22,,P,,
608,Reed Johnson,TOR,307,2,14,4,0.236,0.625,67,0,,P,,
609,Rob Johnson,SEA,3,0,0,1,0.333,0.667,130,129,3,2B,,
610,Tyler Johnson#,STL,1,0,0,0,,,102,91,2,1B-OF,,
611,Adam Jones,SEA,71,2,4,2,0.246,0.7,68,0,,P,,
612,Andruw Jones,ATL,659,26,94,5,0.222,0.724,2,2,1,OF,,
613,Brandon Jones*,ATL,21,0,4,0,0.158,0.401,3,0,,P,,
614,Chipper Jones#,ATL,600,29,102,5,0.337,1.029,2,0,,P,,
615,Garrett Jones*,MIN,84,2,5,1,0.208,0.6,141,140,-3,1B,,
616,Jacque Jones*,CHC,495,5,66,6,0.285,0.735,5,0,,P,,
617,Todd Jones*,DET,0,0,0,0,,,2,2,,P,,
618,Ryan Jorgensen,CIN,15,2,6,0,0.2,0.8,3,0,0,1B,,
619,Jorge Julio,TOT,2,0,0,0,,,130,116,10,1B,,
620,Jorge Julio,FLA,1,0,0,0,,,56,53,0,OF,,
621,Jorge Julio,COL,1,0,0,0,,,136,128,-1,3B,,
622,Matt Kata#,TOT,167,3,16,1,0.222,0.603,84,81,-5,OF,,
623,Matt Kata#,TEX,77,2,6,1,0.186,0.55,8,6,,P,,
624,Matt Kata#,PIT,90,1,10,0,0.25,0.645,19,0,,P,,
625,Scott Kazmir*,TBD,2,0,1,0,0.5,1,33,33,,P,,
626,Austin Kearns,WSN,674,16,74,2,0.266,0.765,9,9,,P,,
627,Randy Keisler*,STL,6,0,0,0,0.167,0.333,8,7,-1,C-1B,,
628,Don Kelly*,PIT,32,0,0,0,0.148,0.429,119,114,8,C-OF,,
629,Matt Kemp,LAD,311,10,42,10,0.342,0.894,94,68,-6,3B-1B-OF,,
630,Jason Kendall,TOT,514,3,41,3,0.242,0.61,57,42,3,OF,,
631,Jason Kendall,OAK,312,2,22,3,0.226,0.542,99,52,6,OF,,
632,Jason Kendall,CHC,202,1,19,0,0.27,0.718,6,6,,P,,
633,Howie Kendrick,LAA,353,5,39,5,0.322,0.796,1,0,,P,,
634,Kyle Kendrick,PHI,50,0,2,0,0.154,0.398,151,148,4,1B,,
635,Adam Kennedy*,STL,306,3,18,6,0.219,0.572,31,28,1,3B-OF,,
636,Joe Kennedy,TOT,3,0,2,0,0.333,1,66,55,2,C-3B,,
637,Joe Kennedy,TOT,3,0,2,0,0.333,1,6,6,,P,,
638,Joe Kennedy,OAK,3,0,2,0,0.333,1,14,0,,P,,
639,Joe Kennedy,ARI,0,0,0,0,,,5,4,-2,C-1B,,
640,Logan Kensing,FLA,1,0,0,0,0,0,11,9,3,OF,,
641,Jeff Kent,LAD,562,20,79,1,0.302,0.875,44,1,,P,,
642,Bobby Keppel,COL,0,0,0,0,,,157,157,-1,OF,,
643,Jeff Keppinger,CIN,276,5,32,2,0.332,0.877,20,16,,P,,
644,Bobby Kielty#,TOT,101,1,12,0,0.218,0.574,147,146,-1,1B,,
645,Bobby Kielty#,OAK,40,0,3,0,0.2,0.504,10,5,,P,,
646,Bobby Kielty#,BOS,61,1,9,0,0.231,0.622,3,3,,P,,
647,Byung-Hyun Kim,TOT,42,0,1,0,0.061,0.205,12,11,,P,,
648,Byung-Hyun Kim,COL,2,0,0,0,0,0,26,1,,P,,
649,Byung-Hyun Kim,FLA,25,0,1,0,0.059,0.229,53,38,0,OF,,
650,Byung-Hyun Kim,ARI,1,0,0,0,0,0,26,0,,P,,
651,Byung-Hyun Kim,FLA,14,0,0,0,0.077,0.22,66,0,,P,,
652,Ray King*,TOT,0,0,0,0,,,14,12,,P,,
653,Ray King*,WSN,0,0,0,0,,,31,17,0,C,,
654,Ray King*,MIL,0,0,0,0,,,34,34,,P,,
655,Ian Kinsler,TEX,566,20,61,23,0.263,0.796,24,24,,P,,
656,Ryan Klesko*,SFG,411,6,44,5,0.26,0.744,80,72,6,OF,,
657,Steve Kline#,SFG,1,0,0,0,0,0,57,31,1,OF,,
658,Jon Knott,BAL,19,1,4,0,0.214,0.797,71,0,,P,,
659,Danny Kolb,PIT,0,0,0,0,,,71,0,,P,,
660,Paul Konerko,CHW,636,31,90,0,0.259,0.841,20,20,,P,,
661,John Koronka*,TEX,2,0,0,0,0,0,35,0,,P,,
662,Joe Koshansky*,COL,15,0,2,0,0.083,0.367,10,10,,P,,
663,Casey Kotchman*,LAA,508,11,68,2,0.296,0.84,9,4,,P,,
664,Mark Kotsay*,OAK,227,1,20,1,0.214,0.575,113,112,2,C,,
665,Kevin Kouzmanoff,SDP,534,18,74,1,0.275,0.786,7,7,,P,,
666,Jason Kubel*,MIN,466,13,65,5,0.273,0.785,28,23,,P,,
667,Hung-Chih Kuo*,LAD,8,1,1,0,0.167,0.833,6,6,,P,,
668,Masumi Kuwata,PIT,0,0,0,0,,,131,124,-3,OF,,
669,John Lackey,LAA,2,0,0,0,0,0,68,0,,P,,
670,Pete LaForest*,TOT,43,1,4,0,0.278,0.784,111,79,5,OF,,
671,Pete LaForest*,SDP,30,1,3,0,0.36,0.987,34,32,,P,,
672,Pete LaForest*,PHI,13,0,1,0,0.091,0.322,94,85,-3,1B-OF,,
673,Gerald Laird,TEX,448,9,47,6,0.224,0.627,31,30,,P,,
674,Mike Lamb*,HOU,353,11,40,0,0.289,0.82,10,0,,P,,
675,Jason Lane,TOT,194,8,27,1,0.175,0.599,153,146,-4,SS-2B,,
676,Jason Lane,HOU,192,8,27,1,0.178,0.606,61,0,,P,,
677,Jason Lane,SDP,2,0,0,0,0,0,148,141,7,2B-3B,,
678,Ryan Langerhans*,TOT,244,6,23,3,0.167,0.576,13,11,-1,SS-2B,,
679,Ryan Langerhans*,TOT,239,6,23,3,0.17,0.584,14,14,,P,,
680,Ryan Langerhans*,ATL,52,0,1,0,0.068,0.283,122,111,-1,SS-2B-1B-3B,,
681,Ryan Langerhans*,OAK,5,0,0,0,0,0.2,33,32,,P,,
682,Ryan Langerhans*,WSN,187,6,22,3,0.198,0.666,4,0,,P,,
683,John Lannan*,WSN,13,0,1,0,0.154,0.385,154,150,9,3B,,
684,Adam LaRoche*,PIT,632,21,88,1,0.272,0.803,27,26,0,P-OF,,
685,Andy LaRoche,LAD,115,1,10,2,0.226,0.677,5,4,-1,C,,
686,Jason LaRue,KCR,195,4,13,1,0.148,0.512,92,65,3,OF,,
687,Brian Lawrence,NYM,12,0,3,0,0.25,0.5,145,139,-1,SS,,
688,Matt LeCroy,MIN,20,0,0,0,0.15,0.35,38,0,,P,,
689,Ricky Ledee*,NYM,43,1,6,1,0.222,0.698,18,11,1,3B-1B-OF,,
690,Wil Ledezma*,TOT,2,0,0,0,0,0,73,0,,P,,
691,Wil Ledezma*,TOT,1,0,0,0,0,0,5,4,0,3B-OF,,
692,Wil Ledezma*,DET,1,0,0,0,0,0,54,0,,P,,
693,Wil Ledezma*,ATL,0,0,0,0,,,88,71,5,OF-1B-3B,,
694,Wil Ledezma*,SDP,1,0,0,0,0,0,34,34,,P,,
695,Carlos Lee,HOU,697,32,119,10,0.303,0.882,38,0,,P,,
696,Cliff Lee*,CLE,5,0,0,0,0,0,7,4,-2,OF,,
697,Derrek Lee,CHC,650,22,82,6,0.317,0.913,58,0,,P,,
698,Anthony Lerew*,ATL,3,0,0,0,0,0,29,29,,P,,
699,Colby Lewis,OAK,0,0,0,0,,,32,32,,P,,
700,Fred Lewis*,SFG,180,3,19,5,0.287,0.782,32,0,,P,,
701,Brad Lidge,HOU,0,0,0,0,,,13,8,0,C,,
702,Jon Lieber*,PHI,22,0,1,0,0.059,0.297,38,25,,P,,
703,Mike Lieberthal,LAD,82,0,1,0,0.234,0.54,161,158,5,OF,,
704,Ted Lilly*,CHC,77,0,5,1,0.137,0.299,59,0,,P,,
705,Tim Lincecum*,SFG,51,0,0,0,0.093,0.25,27,20,,P,,
706,Adam Lind*,TOR,311,11,46,1,0.238,0.678,34,33,,P,,
707,Todd Linden#,TOT,204,1,11,4,0.245,0.634,51,0,,P,,
708,Todd Linden#,SFG,60,0,3,0,0.182,0.45,21,19,,P,,
709,Todd Linden#,FLA,144,1,8,4,0.271,0.712,19,16,-1,3B,,
710,Matt Lindstrom,FLA,1,0,0,0,0,0,65,0,,P,,
711,Scott Linebrink,TOT,1,0,0,0,0,0,145,143,7,C,,
712,Scott Linebrink,SDP,0,0,0,0,,,26,0,,P,,
713,Scott Linebrink,MIL,1,0,0,0,0,0,2,0,,P,,
714,Jesse Litsch,TOR,1,0,0,0,0,0,5,5,,P,,
715,Wes Littleton,TEX,1,0,0,0,0,0,59,30,-2,2B-3B-SS-1B,,
716,Bobby Livingston*,CIN,31,0,2,0,0.28,0.613,143,142,8,C-1B,,
717,Paul Lo Duca,NYM,488,9,54,2,0.272,0.689,27,1,,P,,
718,Esteban Loaiza,TOT,9,0,2,0,0.143,0.286,51,0,,P,,
719,Esteban Loaiza,LAD,9,0,2,0,0.143,0.286,9,0,,P,,
720,Kameron Loe,TEX,3,0,0,0,0.5,1.167,57,52,-2,C,,
721,Kenny Lofton*,TOT,559,7,38,23,0.296,0.781,112,111,6,OF,,
722,Kenny Lofton*,TEX,363,7,23,21,0.303,0.818,102,96,19,2B,,
723,Kenny Lofton*,CLE,196,0,15,2,0.283,0.714,32,32,,P,,
724,Boone Logan,CHW,0,0,0,0,,,135,133,-5,OF,,
725,Nook Logan#,WSN,350,0,21,23,0.265,0.649,91,88,8,C,,
726,Kyle Lohse,TOT,65,0,2,0,0.163,0.371,6,6,0,OF,,
727,Kyle Lohse,CIN,42,0,1,0,0.152,0.323,15,11,1,OF,,
728,Kyle Lohse,PHI,23,0,1,0,0.188,0.465,9,6,1,OF,,
729,James Loney*,LAD,375,15,67,0,0.331,0.919,23,0,,P,,
730,Braden Looper,STL,63,0,6,0,0.189,0.485,38,0,,P,,
731,Felipe Lopez#,WSN,671,9,50,24,0.245,0.659,132,130,-2,C,,
732,Javier López*,BOS,0,0,0,0,,,23,22,,P,,
733,Jose Lopez,SEA,561,11,62,2,0.252,0.639,3,1,0,1B,,
734,Pedro Lopez,CIN,47,0,0,0,0.178,0.435,12,0,,P,,
735,Rodrigo Lopez,COL,24,0,0,0,0.045,0.132,14,0,,P,,
736,Mark Loretta,HOU,511,4,41,1,0.287,0.724,3,3,-1,OF,,
737,Derek Lowe,LAD,71,0,1,0,0.119,0.303,116,101,18,SS-3B,,
738,Mike Lowell,BOS,653,21,120,3,0.324,0.879,27,27,,P,,
739,Noah Lowry,SFG,62,1,5,0,0.088,0.279,4,0,,P,,
740,Donny Lucy,CHW,15,0,0,0,0.2,0.4,29,0,,P,,
741,Ryan Ludwick,STL,339,14,52,4,0.267,0.818,101,66,-11,OF,,
742,Julio Lugo,BOS,630,8,73,33,0.237,0.643,34,34,,P,,
743,Hector Luna,TOR,46,1,4,2,0.167,0.455,30,0,,P,,
744,Brandon Lyon,ARI,0,0,0,0,,,31,23,-1,C-3B,,
745,John Mabry*,COL,39,1,5,0,0.118,0.466,5,0,,P,,
746,Mike MacDougal#,CHW,0,0,0,0,,,78,65,-3,OF,,
747,Drew Macias*,SDP,0,0,0,0,,,6,3,,P,,
748,Rob Mackowiak*,TOT,329,6,38,4,0.263,0.723,80,0,,P,,
749,Rob Mackowiak*,CHW,268,6,36,3,0.278,0.772,56,0,,P,,
750,Rob Mackowiak*,SDP,61,0,2,1,0.196,0.512,60,0,,P,,
751,Greg Maddux,SDP,72,0,0,1,0.145,0.336,55,49,-1,3B,,
752,Ryan Madson*,PHI,4,0,0,0,0,0,6,3,,P,,
753,Kevin Mahar,TEX,18,0,1,0,0.167,0.389,101,65,5,OF,,
754,Ron Mahay*,TOT,1,0,0,0,0,0,70,48,2,1B,,
755,Ron Mahay*,TEX,0,0,0,0,,,125,98,-7,2B-SS-3B-P-OF,,
756,Ron Mahay*,ATL,1,0,0,0,0,0,103,103,-6,1B-OF,,
757,Paul Maholm*,PIT,62,0,5,0,0.186,0.403,52,46,2,OF,,
758,John Maine,NYM,76,1,3,0,0.109,0.357,13,13,,P,,
759,Gary Majewski,CIN,2,0,0,0,0,0,11,6,0,C,,
760,Carlos Maldonado,PIT,30,2,4,0,0.208,0.833,57,51,2,C-1B,,
761,Shaun Marcum,TOR,5,0,0,0,0,0.2,4,0,,P,,
762,Nick Markakis*,BAL,710,23,112,18,0.3,0.848,62,0,,P,,
763,Carlos Marmol,CHC,7,0,0,0,0,0,2,0,,P,,
764,Mike Maroth*,TOT,15,0,1,1,0.214,0.5,76,0,,P,,
765,Mike Maroth*,DET,4,0,0,0,0.25,0.75,3,3,,P,,
766,Mike Maroth*,STL,11,0,1,1,0.2,0.4,31,31,,P,,
767,Jason Marquis*,CHC,77,1,4,0,0.139,0.373,6,6,,P,,
768,Jay Marshall*,OAK,0,0,0,0,,,34,1,,P,,
769,Sean Marshall*,CHC,34,0,0,0,0.103,0.271,46,33,-4,C,,
770,Andy Marte,CLE,60,1,8,0,0.193,0.549,18,4,,P,,
771,Damaso Marte*,PIT,2,0,0,0,0,0,27,27,,P,,
772,Russell Martin,LAD,620,19,87,21,0.293,0.843,42,0,,P,,
773,Tom Martin*,COL,2,0,0,0,0,0,24,11,-1,C,,
774,Carlos Martinez,FLA,1,0,0,0,0,0,5,4,-1,OF,,
775,Pedro Martinez,NYM,11,0,0,0,0.111,0.333,129,125,-2,C,,
776,Ramon Martinez,LAD,147,0,27,1,0.194,0.473,16,9,0,C,,
777,Victor Martinez#,CLE,645,25,114,0,0.301,0.879,69,53,0,C,,
778,Nick Masset,CHW,2,0,0,0,0,0,108,101,12,C-1B,,
779,Tom Mastny,CLE,0,0,0,0,,,114,101,-3,OF,,
780,Jeff Mathis,LAA,195,4,23,0,0.211,0.627,73,57,-2,C,,
781,Hideki Matsui*,NYY,634,25,103,4,0.285,0.855,16,13,-5,3B-1B-OF,,
782,Kazuo Matsui#,COL,453,4,37,32,0.288,0.746,120,120,4,3B,,
783,Daisuke Matsuzaka,BOS,4,0,0,0,0,0,8,8,,P,,
784,Gary Matthews#,LAA,579,18,72,18,0.252,0.742,1,1,0,C,,
785,Joe Mauer*,MIN,471,7,60,7,0.293,0.808,24,13,0,1B-OF,,
786,Justin Maxwell,WSN,27,2,5,0,0.269,0.796,28,25,9,OF,,
787,Cameron Maybin,DET,53,1,2,5,0.143,0.473,4,0,,P,,
788,Paul McAnulty*,SDP,43,1,5,0,0.2,0.556,143,143,2,1B,,
789,Marcus McBeth,CIN,0,0,0,0,,,32,32,,P,,
790,Macay McBride*,TOT,0,0,0,0,,,60,0,,P,,
791,Macay McBride*,ATL,0,0,0,0,,,9,4,1,1B-3B-OF-SS,,
792,Brian McCann*,ATL,552,18,92,0,0.27,0.772,46,8,,P,,
793,Brandon McCarthy,TEX,3,0,0,0,0,0,15,5,1,OF,,
794,Scott McClain,SFG,11,0,0,0,0.182,0.364,52,0,,P,,
795,Zach McClellan,COL,1,0,0,0,0,0,33,33,,P,,
796,Seth McClung*,MIL,0,0,0,0,,,80,0,,P,,
797,Darnell McDonald,MIN,11,0,0,0,0.1,0.282,10,0,,P,,
798,John McDonald,TOR,353,1,31,7,0.251,0.612,3,3,,P,,
799,Dustin McGowan,TOR,7,0,0,0,0.286,0.571,2,0,,P,,
800,Marty McLeary,PIT,2,0,0,0,0,0,13,0,,P,,
801,Mark McLemore*,HOU,0,0,0,0,,,47,36,-4,C-1B,,
802,Nate McLouth*,PIT,382,13,38,22,0.258,0.81,12,0,,P,,
803,Gil Meche,KCR,4,0,0,0,0,0,10,0,,P,,
804,Brandon Medders,ARI,0,0,0,0,,,45,25,-3,OF,,
805,Adam Melhuse#,TOT,103,1,9,0,0.213,0.562,34,30,-3,SS-2B-3B,,
806,Adam Melhuse#,OAK,30,0,2,0,0.231,0.603,15,8,1,OF,,
807,Adam Melhuse#,TEX,73,1,7,0,0.206,0.544,14,2,,P,,
808,Kevin Melillo*,OAK,1,0,0,0,,,68,53,3,OF,,
809,Jon Meloan,LAD,0,0,0,0,,,17,0,,P,,
810,Kevin Mench,MIL,308,8,37,3,0.267,0.746,28,27,,P,,
811,Cla Meredith,SDP,1,0,0,0,0,0,51,3,,P,,
812,Jose Mesa,TOT,0,0,0,0,,,72,0,,P,,
813,Jose Mesa,PHI,0,0,0,0,,,109,108,-16,OF,,
814,Randy Messenger,TOT,2,0,0,0,0,0,75,68,-4,C,,
815,Randy Messenger,FLA,2,0,0,0,0,0,68,0,,P,,
816,Randy Messenger,SFG,0,0,0,0,,,112,110,-1,C,,
817,Travis Metcalf,TEX,181,5,21,0,0.255,0.742,74,0,,P,,
818,Jason Michaels,CLE,295,7,39,3,0.27,0.721,10,8,0,OF-2B-3B,,
819,Doug Mientkiewicz*,NYY,192,5,24,0,0.277,0.789,2,0,,P,,
820,Aaron Miles#,STL,449,2,32,2,0.29,0.676,3,3,0,1B,,
821,Kevin Millar,BAL,562,17,63,1,0.254,0.785,26,21,-1,C-1B,,
822,Lastings Milledge,NYM,206,7,29,3,0.272,0.787,36,0,,P,,
823,Andrew Miller*,DET,5,0,0,0,0,0,5,0,-1,OF,,
824,Corky Miller,ATL,29,1,4,0,0.259,0.755,87,82,-11,OF,,
825,Damian Miller,MIL,206,4,24,1,0.237,0.646,5,4,,P,,
826,Justin Miller,FLA,2,0,0,0,0,0,12,7,-5,OF-1B,,
827,Matt Miller,CLE,0,0,0,0,,,124,53,7,3B-2B-SS,,
828,Trever Miller,HOU,0,0,0,0,,,56,0,,P,,
829,Wade Miller,CHC,4,0,0,0,0.25,0.5,18,7,,P,,
830,Kevin Millwood,TEX,4,0,0,0,0,0,10,10,,P,,
831,Eric Milton*,CIN,9,0,2,0,0.143,0.286,6,0,,P,,
832,Doug Mirabelli,BOS,127,5,16,0,0.202,0.637,56,0,,P,,
833,Pat Misch,SFG,10,0,0,0,0.111,0.222,43,25,0,2B-SS-3B-P,,
834,Sergio Mitre,FLA,47,0,0,0,0.079,0.23,66,0,,P,,
835,Brian Moehler,HOU,5,0,0,0,0.2,0.4,61,0,,P,,
836,Chad Moeller,TOT,58,1,2,0,0.161,0.408,119,111,-1,C,,
837,Chad Moeller,CIN,49,1,2,0,0.167,0.417,26,12,6,SS-3B,,
838,Chad Moeller,LAD,9,0,0,0,0.125,0.347,33,33,,P,,
839,Dustan Mohr,TBD,16,1,2,0,0.125,0.438,7,7,,P,,
840,Bengie Molina,SFG,517,19,81,0,0.276,0.731,143,142,12,OF,,
841,Gustavo Molina,TOT,30,0,1,0,0.111,0.286,19,9,-3,3B-2B-OF,,
842,Gustavo Molina,CHW,21,0,1,0,0.056,0.156,7,7,0,1B,,
843,Gustavo Molina,BAL,9,0,0,0,0.222,0.556,38,10,,P,,
844,José Molina,TOT,202,1,19,2,0.257,0.614,12,8,,P,,
845,José Molina,LAA,131,0,10,2,0.224,0.53,53,37,-2,OF-1B,,
846,José Molina,NYY,71,1,9,0,0.318,0.773,10,0,,P,,
847,Yadier Molina,STL,396,6,40,1,0.275,0.708,25,0,,P,,
848,Craig Monroe,TOT,427,12,59,0,0.219,0.638,33,32,,P,,
849,Craig Monroe,DET,372,11,55,0,0.222,0.637,34,0,,P,,
850,Craig Monroe,CHC,55,1,4,0,0.204,0.638,119,107,6,1B,,
851,Miguel Montero*,ARI,244,10,37,0,0.224,0.689,13,6,,P,,
852,Scott Moore*,TOT,55,1,11,0,0.231,0.563,22,0,,P,,
853,Scott Moore*,CHC,5,0,0,0,0,0,89,83,0,OF,,
854,Scott Moore*,BAL,50,1,11,0,0.255,0.622,29,27,,P,,
855,Melvin Mora,BAL,527,14,58,9,0.274,0.759,19,15,-1,3B-OF-2B-SS,,
856,Franklin Morales*,COL,15,0,1,0,0.308,0.665,23,23,,P,,
857,Jose Morales#,MIN,3,0,0,0,1,2.333,60,32,1,OF,,
858,Kendrys Morales#,LAA,126,4,15,0,0.294,0.812,25,5,1,OF,,
859,Nyjer Morgan*,PIT,118,1,7,7,0.299,0.789,59,0,,P,,
860,Juan Morillo,COL,0,0,0,0,,,1,1,,P,,
861,Justin Morneau*,MIN,668,31,111,1,0.271,0.834,41,0,,P,,
862,Matt Morris,TOT,69,1,3,0,0.228,0.557,9,2,,P,,
863,Matt Morris,SFG,45,0,1,0,0.184,0.416,53,0,,P,,
864,Matt Morris,PIT,24,1,2,0,0.316,0.842,132,118,-2,OF,,
865,Brandon Morrow,SEA,0,0,0,0,,,2,1,-1,OF,,
866,Mike Morse,SEA,20,0,3,0,0.444,1.056,7,7,,P,,
867,Colt Morton,SDP,1,0,0,0,0,0,3,2,,P,,
868,Dustin Moseley,LAA,0,0,0,0,,,35,30,0,C,,
869,Brandon Moss*,BOS,29,0,1,0,0.28,0.819,5,3,,P,,
870,Guillermo Mota,NYM,1,0,0,0,0,0,129,119,2,C,,
871,Jamie Moyer*,PHI,83,0,2,0,0.123,0.297,2,2,,P,,
872,Peter Moylan,ATL,5,0,0,0,0,0.2,129,116,4,OF,,
873,Mark Mulder*,STL,2,0,0,0,0.5,1,19,18,3,OF-1B,,
874,Carlos Muniz,NYM,0,0,0,0,,,34,34,,P,,
875,Arnie Munoz*,WSN,0,0,0,0,,,137,132,7,2B,,
876,Eric Munson*,HOU,150,4,15,0,0.235,0.669,18,0,,P,,
877,Scott Munter,SFG,0,0,0,0,,,15,13,,P,,
878,Bill Murphy*,ARI,0,0,0,0,,,10,5,1,C,,
879,David Murphy*,TOT,112,2,14,0,0.343,0.936,144,137,-5,1B,,
880,David Murphy*,BOS,2,0,0,0,0.5,2,150,145,12,SS-2B,,
881,David Murphy*,TEX,110,2,14,0,0.34,0.916,75,0,,P,,
882,Donnie Murphy,OAK,132,6,21,1,0.22,0.731,101,74,-2,OF,,
883,Tommy Murphy#,LAA,39,0,2,0,0.184,0.416,108,108,4,OF,,
884,Matt Murton,CHC,261,8,22,1,0.281,0.791,33,33,,P,,
885,Neal Musser*,KCR,1,0,0,0,0,0,152,149,-5,SS,,
886,Mike Mussina*,NYY,3,0,0,0,0,0.333,62,0,,P,,
887,Brett Myers,PHI,9,0,0,0,0,0.25,33,1,,P,,
888,Mike Myers*,TOT,1,0,0,0,0,0,17,0,,P,,
889,Mike Myers*,NYY,1,0,0,0,0,0,33,16,-4,SS-2B-3B,,
890,Brian Myrow*,SDP,12,0,1,0,0.1,0.45,26,26,,P,,
891,Xavier Nady,PIT,470,20,72,3,0.278,0.805,29,29,,P,,
892,Mike Napoli,LAA,263,10,34,5,0.247,0.794,44,0,,P,,
893,Joe Nathan,MIN,0,0,0,0,,,24,22,2,OF,,
894,Dioner Navarro#,TBD,434,9,44,3,0.227,0.641,19,0,,P,,
895,Pat Neshek#,MIN,0,0,0,0,,,14,10,,P,,
896,David Newhan*,NYM,83,1,6,2,0.203,0.573,8,0,,P,,
897,Josh Newman*,COL,0,0,0,0,,,36,34,,P,,
898,Lance Niekro,SFG,18,0,0,0,0.176,0.399,55,30,-2,1B-C,,
899,Wil Nieves,NYY,66,0,8,0,0.164,0.42,59,49,1,1B-3B-2B,,
900,Dustin Nippert,ARI,2,0,0,0,0,0,156,154,-5,2B-SS,,
901,Laynce Nix*,MIL,12,0,0,0,0,0,6,0,,P,,
902,Trot Nixon*,CLE,354,3,31,0,0.251,0.677,52,44,-4,C-1B,,
903,Ricky Nolasco,FLA,7,0,0,0,0,0,8,3,0,C-1B,,
904,Greg Norton#,TBD,240,4,23,1,0.243,0.705,82,36,14,OF,,
905,Abraham Nunez#,PHI,287,0,16,2,0.234,0.6,162,160,-12,OF,,
906,Eric O'Flaherty*,SEA,1,0,0,0,0,0,130,116,2,C,,
907,Wes Obermueller,FLA,19,0,0,0,0.063,0.188,4,0,,P,,
908,Will Ohman*,CHC,0,0,0,0,,,42,11,,P,,
909,Augie Ojeda#,ARI,132,1,12,1,0.274,0.708,57,0,,P,,
910,Hideki Okajima*,BOS,0,0,0,0,,,56,54,2,OF,,
911,Darren Oliver,LAA,0,0,0,0,,,141,138,2,2B,,
912,Miguel Olivo,FLA,469,16,60,3,0.237,0.667,7,7,,P,,
913,Ray Olmedo#,TOR,54,0,1,0,0.216,0.539,138,126,-8,C-1B,,
914,Scott Olsen*,FLA,61,0,3,0,0.176,0.428,18,11,3,2B-3B,,
915,Magglio Ordonez,DET,679,28,139,4,0.363,1.029,4,0,,P,,
916,Pete Orr*,ATL,69,0,2,1,0.2,0.451,83,0,,P,,
917,David Ortiz*,BOS,667,35,117,3,0.332,1.066,154,153,26,1B,,
918,Ramon Ortiz,TOT,5,0,1,0,0.25,0.65,150,135,4,3B-SS-2B,,
919,Ramon Ortiz,MIN,3,0,0,0,0,0,11,7,-4,OF,,
920,Ramon Ortiz,COL,2,0,1,0,1,2,68,0,,P,,
921,Russ Ortiz,SFG,19,0,3,0,0.176,0.412,79,0,,P,,
922,Daniel Ortmeier#,SFG,167,6,16,2,0.287,0.814,76,64,13,OF,,
923,Chad Orvella,TBD,0,0,0,0,,,64,43,-2,1B-OF-3B,,
924,Franquelis Osoria,PIT,5,0,0,0,0,0,26,17,0,2B-SS,,
925,Roy Oswalt,HOU,79,0,3,0,0.125,0.317,26,15,1,C,,
926,Akinori Otsuka,TEX,0,0,0,0,,,8,2,-1,C,,
927,Lyle Overbay*,TOR,476,10,44,2,0.24,0.706,9,6,2,OF,,
928,Henry Owens,FLA,0,0,0,0,,,49,43,-2,C,,
929,Jerry Owens*,CHW,389,1,17,32,0.267,0.636,49,35,-6,OF-2B-3B,,
930,Micah Owings,ARI,64,4,15,0,0.333,1.033,1,0,,P,,
931,Pablo Ozuna,CHW,85,0,3,3,0.244,0.563,126,126,3,3B,,
932,Vicente Padilla,TEX,2,0,0,0,0.5,1,21,0,,P,,
933,Ángel Pagán#,CHC,161,4,21,4,0.264,0.745,4,3,,P,,
934,Orlando Palmeiro*,HOU,122,0,6,0,0.233,0.604,7,0,,P,,
935,Jonathan Papelbon,BOS,0,0,0,0,,,151,150,-13,SS,,
936,Chan Ho Park,NYM,1,0,0,0,0,0,20,20,,P,,
937,Chad Paronto,ATL,0,0,0,0,,,120,120,-11,OF,,
938,Manny Parra*,MIL,10,0,2,0,0.222,0.667,22,0,,P,,
939,John Parrish*,TOT,0,0,0,0,,,14,0,,P,,
940,John Parrish*,BAL,0,0,0,0,,,16,9,0,SS-2B-3B,,
941,Corey Patterson*,BAL,503,8,45,37,0.269,0.69,5,0,,P,,
942,Eric Patterson*,CHC,9,0,0,0,0.25,0.625,6,6,,P,,
943,John Patterson,WSN,10,0,0,0,0,0,88,0,,P,,
944,Troy Patton#,HOU,3,0,0,0,0.333,0.667,43,0,,P,,
945,Josh Paul,TBD,115,1,9,1,0.19,0.482,15,15,,P,,
946,Felipe Paulino,HOU,6,0,0,0,0,0,11,8,,P,,
947,Ronny Paulino,PIT,494,11,55,2,0.263,0.703,37,32,-11,OF,,
948,Jay Payton,BAL,470,7,58,5,0.256,0.668,56,55,8,C,,
949,Steve Pearce,PIT,73,0,6,2,0.294,0.74,4,2,-1,OF,,
950,Jake Peavy,SDP,84,0,7,0,0.233,0.565,4,1,-1,OF,,
951,Dustin Pedroia,BOS,581,8,50,7,0.317,0.823,26,0,,P,,
952,Jailen Peguero,ARI,0,0,0,0,,,13,6,-1,2B-OF,,
953,Mike Pelfrey,NYM,22,0,0,0,0.095,0.279,121,121,-1,SS,,
954,Brayan Peña#,ATL,33,1,3,0,0.212,0.515,4,0,,P,,
955,Carlos Pena*,TBD,612,46,121,1,0.282,1.037,8,6,-2,OF,,
956,Tony Pena,KCR,536,2,47,5,0.267,0.64,61,0,,P,,
957,Tony Pena,ARI,4,0,1,0,0.25,0.5,22,20,,P,,
958,Wily Mo Peña,TOT,317,13,39,2,0.253,0.758,50,0,,P,,
959,Wily Mo Peña,BOS,172,5,17,0,0.218,0.675,11,10,,P,,
960,Wily Mo Peña,WSN,145,8,22,2,0.293,0.855,160,160,16,SS,,
961,Hunter Pence,HOU,484,17,69,11,0.322,0.899,106,97,5,3B-OF-2B,,
962,Brad Penny,LAD,75,0,7,0,0.246,0.618,23,7,,P,,
963,Jhonny Peralta,CLE,647,21,72,4,0.27,0.771,56,55,-8,2B,,
964,Joel Peralta,KCR,1,0,2,0,1,3,3,0,,P,,
965,Troy Percival,STL,4,0,0,0,0,0,3,3,-1,C,,
966,Juan Perez,PIT,0,0,0,0,,,63,0,,P,,
967,Neifi Perez#,DET,71,1,6,0,0.172,0.486,26,0,,P,,
968,Odalis Perez*,KCR,5,0,0,0,0.2,0.4,161,157,9,OF,,
969,Oliver Pérez*,NYM,62,0,1,0,0.161,0.321,65,0,,P,,
970,Rafael Perez*,CLE,0,0,0,0,,,3,2,-1,2B-SS,,
971,Timo Perez*,DET,96,0,13,1,0.389,0.96,9,9,0,OF,,
972,Yusmeiro Petit,ARI,18,0,0,0,0.063,0.125,67,0,,P,,
973,Billy Petrick,CHC,0,0,0,0,,,11,1,0,C,,
974,Andy Pettitte*,NYY,4,0,0,0,0,0,85,0,,P,,
975,Josh Phelps,TOT,183,7,31,0,0.306,0.902,18,3,2,OF,,
976,Josh Phelps,NYY,88,2,12,0,0.263,0.692,154,151,4,2B,,
977,Josh Phelps,PIT,95,5,19,0,0.351,1.113,102,94,-4,OF,,
978,Andy Phillips,NYY,207,2,25,0,0.292,0.711,5,4,1,3B-OF-2B,,
979,Brandon Phillips,CIN,702,30,94,32,0.288,0.816,3,0,,P,,
980,Heath Phillips*,CHW,0,0,0,0,,,30,30,,P,,
981,Jason Phillips,TOR,158,1,12,0,0.208,0.547,12,2,0,2B-3B,,
982,Paul Phillips,KCR,15,0,2,0,0.143,0.414,48,0,,P,,
983,Mike Piazza,OAK,329,8,44,0,0.275,0.727,154,154,-1,3B,,
984,Felix Pie*,CHC,194,2,20,8,0.215,0.604,64,0,,P,,
985,Juan Pierre*,LAD,729,0,41,64,0.293,0.685,33,25,0,C,,
986,A.J. Pierzynski*,CHW,509,14,50,1,0.263,0.712,127,119,1,C,,
987,Carmen Pignatiello,CHC,0,0,0,0,,,58,37,3,3B-2B-1B,,
988,Joel Pineiro,TOT,24,0,0,0,0.056,0.206,31,31,,P,,
989,Joel Pineiro,BOS,0,0,0,0,,,3,0,,P,,
990,Joel Pineiro,STL,24,0,0,0,0.056,0.206,11,11,,P,,
991,Renyel Pinto*,FLA,3,0,0,0,0,0,112,108,13,3B,,
992,Scott Podsednik*,CHW,235,2,11,12,0.243,0.668,162,162,9,SS,,
993,Placido Polanco,DET,641,9,67,7,0.341,0.846,74,0,,P,,
994,Jorge Posada#,NYY,589,20,90,2,0.338,0.97,23,0,,P,,
995,Martín Prado,ATL,62,0,2,0,0.288,0.662,61,42,-1,OF,,
996,Bret Prinz,CHW,0,0,0,0,,,108,98,7,C,,
997,Scott Proctor,TOT,3,0,0,0,0,0,2,0,0,1B-OF,,
998,Scott Proctor,NYY,3,0,0,0,0,0,38,20,-1,2B-SS-3B,,
999,Scott Proctor,LAD,0,0,0,0,,,161,155,-4,OF,,
1000,Albert Pujols,STL,679,32,103,2,0.327,0.997,26,0,,P,,
1001,Nick Punto#,MIN,536,1,25,16,0.21,0.562,4,3,0,OF,,
1002,Danny Putnam*,OAK,31,1,2,0,0.214,0.612,111,100,6,C,,
1003,J.J. Putz,SEA,0,0,0,0,,,5,0,,P,,
1004,Chad Qualls,HOU,0,0,0,0,,,62,50,6,SS-3B-2B,,
1005,Carlos Quentin,ARI,263,5,31,2,0.214,0.647,17,0,,P,,
1006,Robb Quinlan,LAA,194,3,21,3,0.247,0.652,34,3,,P,,
1007,Omar Quintanilla*,COL,75,0,5,0,0.229,0.566,34,34,,P,,
1008,Humberto Quintero,HOU,57,0,1,0,0.226,0.545,1,0,0,2B,,
1009,Guillermo Quiroz,TEX,11,0,2,0,0.4,0.955,16,8,-1,1B-3B,,
1010,Josh Rabe,MIN,31,0,2,0,0.194,0.387,63,0,,P,,
1011,Mike Rabelo#,DET,185,1,18,0,0.256,0.657,34,0,,P,,
1012,Ryan Raburn,DET,148,4,27,3,0.304,0.847,30,22,5,OF,,
1013,Aaron Rakers,SDP,0,0,0,0,,,26,0,,P,,
1014,Aramis Ramirez,CHC,558,26,101,0,0.31,0.915,83,77,-6,C-1B,,
1015,Elizardo Ramirez#,CIN,5,0,0,1,0.2,0.4,2,1,0,C,,
1016,Erasmo Ramirez*,TOT,0,0,0,0,,,24,19,,P,,
1017,Erasmo Ramirez*,FLA,0,0,0,0,,,12,0,,P,,
1018,Hanley Ramirez,FLA,706,29,81,51,0.332,0.948,6,6,,P,,
1019,Manny Ramirez,BOS,569,20,88,0,0.296,0.881,146,146,-10,2B-SS,,
1020,Ramon Ramirez,COL,0,0,0,0,,,33,4,,P,,
1021,Steve Randolph*,HOU,0,0,0,0,,,16,0,,P,,
1022,Cody Ransom,HOU,46,1,3,0,0.229,0.784,17,15,1,OF,,
1023,Clay Rapada,TOT,0,0,0,0,,,28,26,,P,,
1024,Clay Rapada,CHC,0,0,0,0,,,33,33,,P,,
1025,Darrell Rasner,NYY,0,0,0,0,,,31,17,3,SS,,
1026,Jon Rauch,WSN,3,0,0,0,0,0,36,3,,P,,
1027,Chris Ray,BAL,0,0,0,0,,,6,2,-2,OF-3B,,
1028,Tim Redding,WSN,29,0,2,0,0.071,0.179,7,0,,P,,
1029,Mark Redman*,TOT,14,0,0,0,0,0.071,18,18,,P,,
1030,Mark Redman*,ATL,6,0,0,0,0,0.167,30,24,-8,OF,,
1031,Mark Redman*,COL,8,0,0,0,0,0,24,24,,P,,
1032,Tike Redman*,BAL,139,2,16,7,0.318,0.803,6,6,,P,,
1033,Mike Redmond,MIN,298,1,38,0,0.294,0.699,123,120,7,C-1B,,
1034,Eric Reed*,FLA,21,0,0,1,0.1,0.243,70,0,,P,,
1035,Jeremy Reed*,SEA,17,0,0,0,0.176,0.471,37,0,,P,,
1036,Chris Reitsma,SEA,0,0,0,0,,,1,0,,P,,
1037,Desi Relaford#,TEX,28,0,0,0,0.115,0.294,57,27,1,OF,,
1038,Edgar Renteria,ATL,543,12,57,11,0.332,0.86,107,92,12,OF,,
1039,Michael Restovich,WSN,29,0,1,0,0.143,0.351,100,86,0,SS-3B-2B-OF,,
1040,Alberto Reyes,TBD,0,0,0,0,,,73,0,,P,,
1041,Anthony Reyes,STL,32,0,1,0,0.077,0.154,58,0,,P,,
1042,Dennys Reyes,MIN,0,0,0,0,,,7,4,,P,,
1043,Jo-Jo Reyes*,ATL,23,0,0,0,0.158,0.316,1,1,,P,,
1044,José Reyes#,NYM,765,12,57,78,0.28,0.775,34,0,,P,,
1045,Mark Reynolds,ARI,414,17,62,0,0.279,0.843,11,10,,P,,
1046,Danny Richar*,CHW,206,6,15,1,0.23,0.696,3,0,,P,,
1047,Shawn Riggans,TBD,10,0,2,0,0.1,0.2,116,115,-6,1B,,
1048,Juan Rincon,MIN,0,0,0,0,,,6,0,,P,,
1049,Royce Ring*,TOT,0,0,0,0,,,52,49,2,1B,,
1050,Royce Ring*,SDP,0,0,0,0,,,7,6,,P,,
1051,Royce Ring*,ATL,0,0,0,0,,,24,24,,P,,
1052,Alex Rios,TOR,711,24,85,17,0.297,0.852,12,12,0,OF,,
1053,David Riske,KCR,0,0,0,0,,,73,0,,P,,
1054,Luis Rivas,CLE,11,1,4,0,0.273,1,31,31,,P,,
1055,Juan Rivera,LAA,44,2,8,0,0.279,0.737,71,0,,P,,
1056,Mariano Rivera,NYY,0,0,0,0,,,58,44,3,C,,
1057,Mike Rivera,MIL,15,2,3,0,0.231,0.978,73,0,,P,,
1058,Saul Rivera#,WSN,2,0,0,0,0,0.5,25,0,,P,,
1059,Chris Roberson#,PHI,29,0,1,2,0.286,0.596,33,33,,P,,
1060,Brian Roberts#,BAL,716,12,57,50,0.29,0.808,13,13,,P,,
1061,Dave Roberts*,SFG,443,2,23,31,0.26,0.695,19,0,,P,,
1062,Ryan Roberts,TOR,16,0,0,0,0.077,0.327,160,157,11,OF,,
1063,Oscar Robles*,SDP,33,0,2,0,0.231,0.516,61,0,,P,,
1064,Fernando Rodney,DET,0,0,0,0,,,57,48,0,OF,,
1065,Alex Rodriguez,NYY,708,54,156,24,0.314,1.067,13,11,,P,,
1066,Francisco Rodríguez,LAA,0,0,0,0,,,51,31,2,SS-3B-2B-1B,,
1067,Guillermo Rodriguez,SFG,98,1,14,0,0.253,0.683,54,0,,P,,
1068,Ivan Rodriguez,DET,515,11,63,2,0.281,0.714,9,0,,P,,
1069,Luis Rodriguez#,MIN,173,2,12,1,0.219,0.584,1,0,0,OF,,
1070,Wandy Rodriguez#,HOU,63,0,2,0,0.122,0.3,32,32,,P,,
1071,Brian Rogers,PIT,0,0,0,0,,,32,32,,P,,
1072,Kenny Rogers*,DET,2,0,0,0,0,0,26,16,-3,OF,,
1073,Scott Rolen,STL,441,8,58,5,0.265,0.729,106,103,6,C-1B-OF,,
1074,Jimmy Rollins#,PHI,778,30,94,41,0.296,0.875,46,0,,P,,
1075,J.C. Romero#,TOT,1,0,0,0,0,0,22,22,,P,,
1076,J.C. Romero#,PHI,1,0,0,0,0,0,62,0,,P,,
1077,Francisco Rosario,PHI,1,0,0,0,,,134,134,12,OF-2B,,
1078,Cody Ross,FLA,197,12,39,2,0.335,1.064,71,0,,P,,
1079,David Ross,CIN,348,17,39,0,0.203,0.67,42,14,,P,,
1080,Vinny Rottino,MIL,9,0,3,0,0.222,0.556,16,16,0,OF,,
1081,Mike Rouse*,CLE,76,0,4,1,0.119,0.334,16,13,1,C,,
1082,Aaron Rowand,PHI,684,27,89,6,0.309,0.889,13,13,,P,,
1083,Justin Ruggiano,TBD,15,0,3,0,0.214,0.481,51,0,,P,,
1084,Carlos Ruiz,PHI,429,6,54,6,0.259,0.735,20,0,,P,,
1085,Brendan Ryan,STL,199,4,12,7,0.289,0.752,19,6,,P,,
1086,Kirk Saarloos,CIN,6,0,2,0,0.2,0.6,54,46,-4,3B-OF-1B-2B-P,,
1087,CC Sabathia*,CLE,3,0,0,0,0.667,1.333,72,55,6,OF,,
1088,Donnie Sadler,ARI,1,0,0,0,0,0,76,0,,P,,
1089,Olmedo Saenz,LAD,132,4,18,0,0.191,0.641,49,0,,P,,
1090,Takashi Saito*,LAD,0,0,0,0,,,99,85,-12,OF-1B,,
1091,Jeff Salazar*,ARI,103,1,10,2,0.277,0.733,4,0,,P,,
1092,Brad Salmon*,CIN,0,0,0,0,,,8,2,,P,,
1093,Jarrod Saltalamacchia#,TOT,329,11,33,0,0.266,0.732,4,0,0,2B,,
1094,Jarrod Saltalamacchia#,ATL,153,4,12,0,0.284,0.745,69,0,,P,,
1095,Jarrod Saltalamacchia#,TEX,176,7,21,0,0.251,0.721,2,2,,P,,
1096,Clint Sammons,ATL,3,0,0,0,0.667,1.667,2,0,0,OF,,
1097,Chris Sampson,HOU,34,0,0,0,0.154,0.308,6,0,,P,,
1098,Brian Sanches,PHI,0,0,0,0,,,17,11,-2,C,,
1099,Aníbal Sánchez,FLA,14,0,0,0,0.091,0.322,11,3,3,3B,,
1100,Freddy Sanchez,PIT,653,11,81,0,0.304,0.784,142,131,-4,OF,,
1101,Jonathan Sánchez*,SFG,7,0,1,0,0.167,0.5,26,20,-1,C,,
1102,Romulo Sanchez,PIT,1,0,0,0,0,0,6,0,1,OF,,
1103,Reggie Sanders,KCR,85,2,11,0,0.315,0.905,59,0,,P,,
1104,Ervin Santana,LAA,5,0,2,0,0.2,0.6,5,0,,P,,
1105,Johan Santana*,MIN,8,0,1,0,0.286,1.089,48,0,,P,,
1106,Ramon Santiago#,DET,74,0,7,3,0.284,0.712,12,5,,P,,
1107,Victor Santos,TOT,4,0,0,0,0,0,52,24,-4,OF,,
1108,Victor Santos,CIN,4,0,0,0,0,0,34,34,,P,,
1109,Bronson Sardinha*,NYY,12,0,2,0,0.333,0.75,155,155,-3,OF,,
1110,Dennis Sarfate,HOU,0,0,0,0,,,66,61,-2,C,,
1111,Nate Schierholtz*,SFG,117,0,10,3,0.304,0.718,23,11,-1,1B-OF,,
1112,Curt Schilling,BOS,2,0,0,0,0.5,1,6,6,0,1B,,
1113,Jason Schmidt,LAD,8,1,1,0,0.143,0.714,14,13,1,OF,,
1114,Brian Schneider*,WSN,477,6,54,0,0.235,0.661,143,141,-4,OF-1B,,
1115,Scott Schoeneweis*,NYM,0,0,0,0,,,21,0,,P,,
1116,Chris Schroder,WSN,2,0,0,0,0,0,110,64,-7,OF-2B,,
1117,Mike Schultz,ARI,0,0,0,0,,,48,0,,P,,
1118,Skip Schumaker*,STL,188,2,19,1,0.333,0.816,67,0,,P,,
1119,Luke Scott*,HOU,425,18,64,3,0.255,0.855,63,0,,P,,
1120,Marco Scutaro,OAK,379,7,41,2,0.26,0.693,3,3,,P,,
1121,Rudy Seanez,LAD,1,0,0,0,0,0,1,1,,P,,
1122,Bobby Seay*,DET,1,0,0,0,0,0,34,23,,P,,
1123,Chris Seddon*,FLA,5,0,0,0,0,0,86,85,3,OF,,
1124,Zack Segovia,PHI,2,0,0,0,0,0,141,139,-13,OF-1B,,
1125,Aaron Sele,NYM,6,0,0,0,0,0.2,128,128,2,1B,,
1126,Dan Serafini#,COL,0,0,0,0,,,124,122,-4,SS,,
1127,Richie Sexson,SEA,491,21,63,1,0.205,0.694,19,19,,P,,
1128,Josh Sharpless,PIT,0,0,0,0,,,57,31,-4,OF,,
1129,Ryan Shealy,KCR,189,3,21,0,0.221,0.594,76,66,0,OF-1B,,
1130,Tom Shearn,CIN,13,0,0,0,0,0.083,22,0,,P,,
1131,Ben Sheets,MIL,51,0,0,0,0.067,0.133,143,127,11,SS-2B-3B-OF,,
1132,Gary Sheffield,DET,593,25,75,22,0.265,0.839,34,26,0,C-1B,,
1133,George Sherrill*,SEA,0,0,0,0,,,1,1,0,1B,,
1134,James Shields,TBD,7,0,0,0,0.167,0.333,44,17,,P,,
1135,Scot Shields,LAA,0,0,0,0,,,19,8,-4,OF,,
1136,Kelly Shoppach,CLE,177,7,30,0,0.261,0.782,7,0,,P,,
1137,Brian Shouse*,MIL,0,0,0,0,,,7,0,,P,,
1138,Paul Shuey,BAL,0,0,0,0,,,2,2,,P,,
1139,Carlos Silva,MIN,6,0,0,0,0,0,84,66,-5,1B,,
1140,Jason Simontacchi,WSN,20,0,0,0,0.053,0.105,68,0,,P,,
1141,Andy Sisco*,CHW,0,0,0,0,,,3,0,,P,,
1142,Grady Sizemore*,CLE,748,24,78,33,0.277,0.852,50,0,,P,,
1143,Doug Slaten*,ARI,0,0,0,0,,,40,19,,P,,
1144,Terrmel Sledge*,SDP,233,7,23,1,0.21,0.67,112,105,1,C,,
1145,Jason Smith*,TOT,149,6,18,0,0.199,0.611,56,0,,P,,
1146,Jason Smith*,TOT,145,6,18,0,0.197,0.614,25,15,,P,,
1147,Jason Smith*,TOR,56,0,4,0,0.212,0.537,14,9,0,C,,
1148,Jason Smith*,ARI,4,0,0,0,0.25,0.5,28,2,,P,,
1149,Jason Smith*,KCR,89,6,14,0,0.188,0.661,29,29,,P,,
1150,Joe Smith,NYM,1,0,0,0,0,0,62,58,3,3B-1B,,
1151,Matt Smith*,PHI,0,0,0,0,,,53,50,-4,C,,
1152,Seth Smith*,COL,8,0,0,0,0.625,1.5,21,0,,P,,
1153,John Smoltz,ATL,68,0,2,0,0.093,0.22,155,155,20,SS,,
1154,Ian Snell,PIT,72,0,2,0,0.088,0.221,77,0,,P,,
1155,Chris Snelling*,TOT,86,1,7,0,0.246,0.729,77,55,3,OF,,
1156,Chris Snelling*,WSN,61,1,7,0,0.204,0.687,158,156,-14,2B,,
1157,Chris Snelling*,OAK,25,0,0,0,0.35,0.83,124,122,1,OF-2B,,
1158,Chris Snyder,ARI,380,13,47,0,0.252,0.775,42,38,-1,OF,,
1159,Kyle Snyder#,BOS,0,0,0,0,,,2,0,,P,,
1160,Andy Sonnanstine*,TBD,5,0,1,0,0.4,0.8,150,147,-2,SS,,
1161,Joakim Soria,KCR,0,0,0,0,,,132,131,9,2B-1B,,
1162,Alfonso Soriano,CHC,617,33,70,19,0.299,0.897,35,16,6,SS-2B-3B-OF,,
1163,Rafael Soriano,ATL,0,0,0,0,,,74,49,-4,C-1B,,
1164,Jorge Sosa,NYM,30,0,1,0,0.2,0.566,45,44,1,2B,,
1165,Sammy Sosa,TEX,454,21,92,0,0.252,0.779,65,0,,P,,
1166,Geovany Soto,CHC,60,3,8,0,0.389,1.1,11,9,,P,,
1167,Jeremy Sowers*,CLE,2,0,0,0,1,2,18,17,,P,,
1168,Ryan Speier,COL,0,0,0,0,,,29,23,,P,,
1169,Levale Speigner,WSN,8,0,0,0,0,0.2,2,2,,P,,
1170,Scott Spiezio#,STL,257,4,31,0,0.269,0.74,125,121,7,C,,
1171,Ryan Spilborghs,COL,300,11,51,4,0.299,0.848,5,3,,P,,
1172,Russ Springer,STL,1,0,0,0,0,0,32,32,,P,,
1173,Chris Spurling,MIL,0,0,0,0,,,102,85,-1,3B-SS-2B-1B,,
1174,Matt Stairs*,TOR,405,21,64,2,0.289,0.917,14,14,3,2B-SS,,
1175,Jason Standridge,KCR,0,0,0,0,,,6,1,-2,2B-OF,,
1176,Jason Stanford*,CLE,3,0,0,0,0,0,9,0,,P,,
1177,Craig Stansberry,SDP,10,0,1,0,0.286,0.661,32,32,,P,,
1178,Mike Stanton*,CIN,2,0,0,0,0,0,2,0,,P,,
1179,Tim Stauffer,SDP,5,0,2,0,0.25,0.5,117,101,3,OF,,
1180,Adam Stern*,BAL,0,0,0,0,,,18,15,-2,1B-2B,,
1181,Mitch Stetter*,MIL,0,0,0,0,,,59,6,,P,,
1182,Chris Stewart,TEX,43,0,3,0,0.243,0.597,51,0,,P,,
1183,Ian Stewart*,COL,46,1,9,0,0.209,0.633,37,0,,P,,
1184,Shannon Stewart,OAK,630,12,48,11,0.29,0.739,77,0,,P,,
1185,Kelly Stinnett,STL,87,1,5,0,0.159,0.439,143,136,20,SS,,
1186,Mel Stocker*,MIL,3,0,0,4,0,0,6,6,,P,,
1187,Brian Stokes,TBD,0,0,0,0,,,22,21,-4,1B-OF,,
1188,Ricky Stone,CIN,0,0,0,0,,,66,0,,P,,
1189,Eric Stults*,LAD,12,0,0,0,0.333,0.833,14,0,,P,,
1190,Cory Sullivan*,COL,153,2,14,2,0.286,0.721,32,32,,P,,
1191,Jeff Suppan,MIL,75,0,2,0,0.131,0.303,31,31,,P,,
1192,Ichiro Suzuki*,SEA,736,6,68,37,0.351,0.827,81,0,,P,,
1193,Kurt Suzuki,OAK,248,7,39,0,0.249,0.735,11,9,0,1B-OF,,
1194,Mark Sweeney*,TOT,141,2,13,2,0.26,0.732,15,0,,P,,
1195,Mark Sweeney*,SFG,107,2,10,2,0.256,0.779,30,30,,P,,
1196,Mark Sweeney*,LAD,34,0,3,0,0.273,0.597,27,19,0,1B-OF,,
1197,Mike Sweeney,KCR,289,7,38,0,0.26,0.719,12,0,,P,,
1198,Ryan Sweeney*,CHW,49,1,5,0,0.2,0.599,32,32,,P,,
1199,Nick Swisher#,OAK,659,22,78,3,0.262,0.836,33,0,,P,,
1200,So Taguchi,STL,340,3,30,7,0.29,0.718,8,8,0,3B-SS,,
1201,Brian Tallet*,TOR,0,0,0,0,,,5,5,-1,OF,,
1202,Taylor Tankersley*,FLA,0,0,0,0,,,70,0,,P,,
1203,Jack Taschner*,SFG,2,0,0,0,0,0,27,27,,P,,
1204,Julian Tavarez*,BOS,5,0,0,0,0.25,0.65,28,28,,P,,
1205,Willy Taveras,COL,408,2,24,33,0.32,0.748,34,34,,P,,
1206,Mark Teahen*,KCR,608,7,60,13,0.285,0.763,115,111,-16,2B,,
1207,Mark Teixeira#,TOT,575,30,105,0,0.306,0.963,32,11,,P,,
1208,Mark Teixeira#,TEX,335,13,49,0,0.297,0.921,29,29,,P,,
1209,Mark Teixeira#,ATL,240,17,56,0,0.317,1.02,34,26,,P,,
1210,Miguel Tejada,BAL,569,18,81,2,0.296,0.799,148,143,10,OF,,
1211,Rob Tejeda,TEX,4,0,0,0,0,0,76,63,8,OF-1B,,
1212,Luis Terrero,CHW,139,5,12,4,0.231,0.724,25,25,,P,,
1213,Marcus Thames,DET,284,18,54,2,0.242,0.776,70,0,,P,,
1214,Joe Thatcher*,SDP,0,0,0,0,,,9,0,,P,,
1215,Ryan Theriot,CHC,597,3,45,28,0.266,0.672,29,0,,P,,
1216,Curtis Thigpen,TOR,110,0,11,2,0.238,0.581,16,16,-1,OF,,
1217,Frank Thomas,TOR,624,26,95,0,0.277,0.857,15,0,,P,,
1218,Jim Thome*,CHW,536,35,96,0,0.275,0.973,57,0,,P,,
1219,Brad Thompson,STL,31,0,0,0,0.167,0.333,132,128,-12,3B-2B-1B-OF,,
1220,Kevin Thompson,TOT,38,0,3,0,0.143,0.439,113,92,4,1B-OF,,
1221,Kevin Thompson,NYY,23,0,2,0,0.19,0.594,2,1,,P,,
1222,Kevin Thompson,OAK,15,0,1,0,0.071,0.205,6,6,,P,,
1223,Mike Thompson,SDP,2,0,0,0,0,0,14,0,,P,,
1224,Scott Thorman*,ATL,307,11,36,1,0.216,0.652,33,31,,P,,
1225,Matt Thornton*,CHW,1,0,0,0,0,0,16,0,,P,,
1226,Erick Threets*,SFG,0,0,0,0,,,137,137,-8,OF,,
1227,Mike Timlin,BOS,0,0,0,0,,,35,35,,P,,
1228,Brett Tomko,TOT,38,0,1,0,0,0.03,118,105,3,OF,,
1229,Brett Tomko,LAD,30,0,1,0,0,0.04,24,0,,P,,
1230,Brett Tomko,SDP,8,0,0,0,0,0,66,0,,P,,
1231,Yorvit Torrealba,COL,443,8,47,2,0.255,0.699,20,17,1,1B,,
1232,Salomon Torres,PIT,0,0,0,0,,,131,131,0,SS,,
1233,Josh Towers,TOR,1,0,0,0,0,0,93,76,-9,SS-2B-3B-P,,
1234,J.R. Towles,HOU,44,1,12,0,0.375,1.007,16,14,0,OF,,
1235,Billy Traber*,WSN,4,0,0,0,0,0,150,143,-1,OF-3B,,
1236,Steve Trachsel,TOT,12,0,0,0,0.083,0.167,4,1,1,OF,,
1237,Steve Trachsel,BAL,5,0,0,0,0,0,56,0,,P,,
1238,Steve Trachsel,CHC,7,0,0,0,0.143,0.286,36,0,,P,,
1239,Chad Tracy*,ARI,260,7,35,0,0.264,0.8,18,18,,P,,
1240,Matt Treanor,FLA,198,4,19,0,0.269,0.749,14,0,,P,,
1241,Chin-hui Tsao,LAD,0,0,0,0,,,38,0,,P,,
1242,Troy Tulowitzki,COL,682,24,99,7,0.291,0.838,12,9,-2,3B-SS,,
1243,Derrick Turnbow,MIL,0,0,0,0,,,53,12,1,1B-3B-2B-OF-P,,
1244,Jason Tyner*,MIN,328,1,22,8,0.286,0.687,22,0,,P,,
1245,Dan Uggla,FLA,728,31,88,2,0.245,0.805,21,4,,P,,
1246,B.J. Upton,TBD,548,24,82,22,0.3,0.894,4,0,,P,,
1247,Justin Upton,ARI,152,2,11,2,0.221,0.647,53,21,-4,3B-SS-2B-1B,,
1248,Lino Urdaneta,NYM,0,0,0,0,,,3,2,,P,,
1249,Juan Uribe,CHW,563,20,68,1,0.234,0.678,159,159,4,3B,,
1250,Chase Utley*,PHI,613,22,103,9,0.332,0.976,20,9,,P,,
1251,Wilson Valdez,LAD,80,0,7,1,0.216,0.533,3,3,,P,,
1252,Javier Valentin#,CIN,265,2,34,0,0.276,0.715,73,0,,P,,
1253,Jose Valentin#,NYM,183,3,18,2,0.241,0.676,75,0,,P,,
1254,Jose Valverde,ARI,0,0,0,0,,,143,136,9,1B-3B,,
1255,John Van Benschoten,PIT,10,0,0,0,0.143,0.536,16,8,,P,,
1256,Rick van den Hurk,FLA,27,0,0,0,0.043,0.127,30,30,,P,,
1257,Claudio Vargas,MIL,43,0,0,0,0.132,0.289,146,144,-13,OF,,
1258,Jason Vargas*,NYM,3,0,0,0,0,0,160,155,0,OF,,
1259,Jason Varitek#,BOS,518,17,68,1,0.255,0.787,8,5,2,OF-2B,,
1260,Javier Vazquez,CHW,7,0,0,0,0,0,116,116,-10,1B,,
1261,Ramón Vázquez*,TEX,345,8,28,1,0.23,0.674,150,150,-8,SS,,
1262,Jorge Velandia,TBD,60,2,11,0,0.32,0.944,25,0,,P,,
1263,Eugenio Velez#,SFG,13,0,2,4,0.273,1.021,34,34,,P,,
1264,Justin Verlander,DET,5,0,0,0,0,0,13,4,,P,,
1265,Shane Victorino,PHI,510,12,46,37,0.281,0.77,4,0,,P,,
1266,Jose Vidro#,SEA,625,6,59,0,0.314,0.775,103,93,-4,C,,
1267,Carlos Villanueva,MIL,17,0,0,0,0.077,0.154,161,161,8,3B,,
1268,Oscar Villarreal*,ATL,5,0,0,0,0.25,0.5,34,33,,P,,
1269,Ron Villone*,NYY,0,0,0,0,,,30,26,-8,SS,,
1270,Luis Vizcaino,NYY,2,0,0,0,0,0,28,0,,P,,
1271,Omar Vizquel#,SFG,575,4,51,14,0.246,0.621,,,,,,
1272,Joey Votto*,CIN,89,4,17,1,0.321,0.907,,,,,,
1273,Billy Wagner*,NYM,0,0,0,0,,,,,,,,
1274,Ryan Wagner,WSN,0,0,0,0,,,,,,,,
1275,Adam Wainwright,STL,74,1,6,0,0.29,0.71,,,,,,
1276,Tim Wakefield,BOS,2,0,0,0,0,0,,,,,,
1277,Jamie Walker*,BAL,0,0,0,0,,,,,,,,
1278,Todd Walker*,OAK,52,0,4,0,0.271,0.58,,,,,,
1279,Tyler Walker,SFG,0,0,0,0,,,,,,,,
1280,Chien-Ming Wang,NYY,3,0,0,0,0,0,,,,,,
1281,Daryle Ward*,CHC,133,3,19,0,0.327,0.963,,,,,,
1282,John Wasdin,PIT,4,0,0,0,0,0,,,,,,
1283,Jarrod Washburn*,SEA,3,0,1,0,0.5,1.167,,,,,,
1284,Tommy Watkins,MIN,32,0,0,1,0.357,0.795,,,,,,
1285,Brandon Watson*,WSN,19,0,2,1,0.278,0.649,,,,,,
1286,David Weathers,CIN,0,0,0,0,,,,,,,,
1287,Jeff Weaver,SEA,3,0,0,0,0,0.5,,,,,,
1288,Jered Weaver,LAA,4,0,0,0,0.25,0.5,,,,,,
1289,Brandon Webb,ARI,82,0,3,0,0.082,0.204,,,,,,
1290,Rickie Weeks,MIL,506,16,36,25,0.235,0.807,,,,,,
1291,Todd Wellemeyer,TOT,19,0,1,0,0.125,0.25,,,,,,
1292,Todd Wellemeyer,STL,19,0,1,0,0.125,0.25,,,,,,
1293,David Wells*,TOT,57,0,1,0,0.151,0.321,,,,,,
1294,David Wells*,SDP,42,0,0,0,0.105,0.211,,,,,,
1295,David Wells*,LAD,15,0,1,0,0.267,0.6,,,,,,
1296,Kip Wells,STL,54,1,5,0,0.321,0.717,,,,,,
1297,Vernon Wells,TOR,642,16,80,10,0.245,0.706,,,,,,
1298,Jayson Werth,PHI,304,8,49,7,0.298,0.863,,,,,,
1299,Jake Westbrook,CLE,2,0,0,0,0,0,,,,,,
1300,Dan Wheeler,TOT,0,0,0,0,,,,,,,,
1301,Dan Wheeler,HOU,0,0,0,0,,,,,,,,
1302,Rick White,TOT,1,0,0,0,0,0,,,,,,
1303,Rick White,HOU,1,0,0,0,0,0,,,,,,
1304,Rondell White,MIN,119,4,20,0,0.174,0.556,,,,,,
1305,Bob Wickman,TOT,0,0,0,0,,,,,,,,
1306,Bob Wickman,ATL,0,0,0,0,,,,,,,,
1307,Bob Wickman,ARI,0,0,0,0,,,,,,,,
1308,Ty Wigginton,TOT,604,22,67,3,0.278,0.792,,,,,,
1309,Ty Wigginton,TBD,417,16,49,1,0.275,0.786,,,,,,
1310,Ty Wigginton,HOU,187,6,18,2,0.284,0.804,,,,,,
1311,Brad Wilkerson*,TEX,389,20,62,4,0.234,0.786,,,,,,
1312,David Williams*,NYM,1,0,0,0,0,0,,,,,,
1313,Jerome Williams,WSN,9,0,0,0,0.143,0.393,,,,,,
1314,Woody Williams,HOU,64,1,2,0,0.102,0.254,,,,,,
1315,Scott Williamson,BAL,0,0,0,0,,,,,,,,
1316,Josh Willingham,FLA,604,21,89,8,0.265,0.827,,,,,,
1317,Dontrelle Willis*,FLA,80,2,7,0,0.286,0.856,,,,,,
1318,Reggie Willits#,LAA,518,0,34,27,0.293,0.735,,,,,,
1319,Brian Wilson,SFG,1,0,0,0,,,,,,,,
1320,C.J. Wilson*,TEX,0,0,0,0,,,,,,,,
1321,Craig Wilson,ATL,69,1,2,0,0.172,0.563,,,,,,
1322,Jack Wilson,PIT,535,12,56,2,0.296,0.791,,,,,,
1323,Josh Wilson,TOT,310,2,24,6,0.238,0.623,,,,,,
1324,Josh Wilson,WSN,25,0,0,0,0.053,0.333,,,,,,
1325,Josh Wilson,TBD,285,2,24,6,0.251,0.644,,,,,,
1326,Preston Wilson,STL,68,1,5,2,0.219,0.577,,,,,,
1327,Randy Winn#,SFG,653,14,65,15,0.3,0.798,,,,,,
1328,Dewayne Wise*,CIN,6,0,1,0,0.2,0.933,,,,,,
1329,Matt Wise,MIL,1,0,0,0,1,2,,,,,,
1330,Jay Witasick,TOT,0,0,0,0,,,,,,,,
1331,Jay Witasick,TBD,0,0,0,0,,,,,,,,
1332,Randy Wolf*,LAD,37,0,2,0,0.167,0.498,,,,,,
1333,Ross Wolf,FLA,1,0,0,0,0,0,,,,,,
1334,Brandon Wood,LAA,33,1,3,0,0.152,0.424,,,,,,
1335,Jason Wood,FLA,127,3,26,0,0.239,0.653,,,,,,
1336,Kerry Wood,CHC,1,0,0,0,0,0,,,,,,
1337,Jake Woods*,SEA,0,0,0,0,,,,,,,,
1338,Chris Woodward,ATL,151,1,8,1,0.199,0.531,,,,,,
1339,David Wright,NYM,711,30,107,34,0.325,0.963,,,,,,
1340,Jamey Wright,TEX,2,0,0,0,0,0,,,,,,
1341,Michael Wuertz,CHC,2,0,0,0,0,0,,,,,,
1342,Tyler Yates,ATL,1,0,0,0,0,0,,,,,,
1343,Kevin Youkilis,BOS,625,16,83,4,0.288,0.843,,,,,,
1344,Shane Youman*,PIT,15,0,0,0,0.083,0.237,,,,,,
1345,Chris Young,SDP,58,0,2,0,0.13,0.383,,,,,,
1346,Chris Young,ARI,624,32,68,27,0.237,0.763,,,,,,
1347,Delmon Young,TBD,681,13,93,10,0.288,0.723,,,,,,
1348,Delwyn Young#,LAD,36,2,3,1,0.382,1.064,,,,,,
1349,Dmitri Young#,WSN,508,13,74,0,0.32,0.869,,,,,,
1350,Michael Young,TEX,692,9,94,13,0.315,0.783,,,,,,
1351,Mike Zagurski*,PHI,0,0,0,0,,,,,,,,
1352,Carlos Zambrano#,CHC,86,2,5,0,0.247,0.593,,,,,,
1353,Mauro Zarate,FLA,0,0,0,0,,,,,,,,
1354,Gregg Zaun#,TOR,391,10,52,0,0.242,0.752,,,,,,
1355,Ryan Zimmerman,WSN,722,24,91,4,0.266,0.788,,,,,,
1356,Barry Zito*,SFG,68,0,3,0,0.113,0.254,,,,,,
1357,Ben Zobrist#,TBD,105,1,9,2,0.155,0.391,,,,,,