Last Name,First Name,Tm,Lg,G,GS,Rtot,Pos Summary
Abreu,Bobby,PHI,NL,158,157,-16.0,OF
Adams,Russ,TOR,AL,21,18,-1.0,SS
Aguila,Chris,FLA,NL,20,7,-1.0,OF
Alexander,Manny,TEX,AL,21,5,0.0,SS-2B-3B
Alfaro,Jason,HOU,NL,3,2,0.0,SS
Alfonzo,Edgardo,SFG,NL,133,127,-3.0,3B-2B
Allen,Chad,TEX,AL,13,11,0.0,OF
Alomar,Roberto,TOT,ZZ,41,36,-4.0,2B
Alomar,Sandy,CHW,AL,49,46,3.0,C
Alou,Moises,CHC,NL,154,152,-11.0,OF
Alvarez,Tony,PIT,NL,16,10,-1.0,OF
Amezaga,Alfredo,ANA,AL,71,22,3.0,SS-3B-2B
Anderson,Garret,ANA,AL,94,92,-7.0,OF
Anderson,Marlon,STL,NL,72,49,-3.0,2B-OF-1B
Ardoin,Danny,TEX,AL,6,2,-1.0,C
Atkins,Garrett,COL,NL,10,7,1.0,3B-1B-OF
Aurilia,Rich,TOT,MLB,114,105,-5.0,SS-3B-2B-1B
Ausmus,Brad,HOU,NL,128,114,2.0,C
Baerga,Carlos,ARI,NL,6,4,1.0,1B
Bagwell,Jeff,HOU,NL,152,151,6.0,1B
Bako,Paul,CHC,NL,47,43,1.0,C
Baldelli,Rocco,TBD,AL,124,120,-6.0,OF
Barajas,Rod,TEX,AL,107,102,5.0,C-1B
Bard,Josh,CLE,AL,7,6,0.0,C
Barmes,Clint,COL,NL,18,17,2.0,SS-2B
Barrett,Michael,CHC,NL,130,119,-3.0,C
Bartlett,Jason,MIN,AL,6,2,-1.0,SS-2B
Batista,Tony,MON,NL,155,149,5.0,3B
Bautista,Danny,ARI,NL,137,137,-8.0,OF
Bautista,José,TOT,MLB,44,20,-2.0,OF-3B
Bay,Jason,PIT,NL,119,110,-3.0,OF
Bell,David,PHI,NL,142,141,13.0,3B
Bellhorn,Mark,BOS,AL,136,132,4.0,2B-3B-SS
Belliard,Ronnie,CLE,AL,151,148,-3.0,2B
Beltrán,Carlos,TOT,ZZ,158,157,-5.0,OF
Beltré,Adrián,LAD,NL,155,154,29.0,3B-SS
Bennett,Gary,MIL,NL,75,65,-1.0,C
Berg,Dave,TOR,AL,45,34,-7.0,OF-1B-2B-3B
Berger,Brandon,KCR,AL,11,9,1.0,OF
Bergeron,Peter,MON,NL,11,11,1.0,OF
Berkman,Lance,HOU,NL,160,158,-3.0,OF-1B
Berroa,Angel,KCR,AL,133,132,-10.0,SS
Betemit,Wilson,ATL,NL,17,11,1.0,SS-3B
Bigbie,Larry,BAL,AL,134,131,-3.0,OF
Biggio,Craig,HOU,NL,149,149,-15.0,OF
Blake,Casey,CLE,AL,152,151,-12.0,3B-1B
Blalock,Hank,TEX,AL,159,154,1.0,3B
Blanco,Andrés,KCR,AL,19,19,4.0,SS
Blanco,Henry,MIN,AL,114,95,6.0,C
Bloomquist,Willie,SEA,AL,78,55,-9.0,3B-SS-1B-OF-2B
Blum,Geoff,TBD,AL,108,88,-2.0,3B-2B-OF-1B-SS
Bocachica,Hiram,SEA,AL,44,25,1.0,OF
Bonds,Barry,SFG,NL,133,132,2.0,OF
Boone,Bret,SEA,AL,148,148,-11.0,2B
Borchard,Joe,CHW,AL,56,52,2.0,OF
Borders,Pat,TOT,AL,38,31,3.0,C
Bowen,Rob,MIN,AL,15,8,0.0,C
Bradley,Milton,LAD,NL,138,137,15.0,OF
Bragg,Darren,CIN,NL,26,18,6.0,OF
Branyan,Russell,MIL,NL,45,41,-1.0,3B-1B
Brazell,Craig,NYM,NL,7,3,0.0,1B
Brito,Juan,ARI,NL,54,53,-2.0,C
Broussard,Ben,CLE,AL,133,107,-2.0,1B
Brown,Adrian,KCR,AL,5,3,-1.0,OF
Brown,Dee,KCR,AL,53,49,-1.0,OF
Bruntlett,Eric,HOU,NL,40,12,-1.0,SS-2B-OF
Buchanan,Brian,TOT,NL,22,14,-5.0,OF-1B
Buck,John,KCR,AL,68,66,-3.0,C
Burke,Chris,HOU,NL,7,2,2.0,2B
Burke,Jamie,CHW,AL,51,33,4.0,C-OF-1B-3B
Burnitz,Jeromy,COL,NL,143,137,-9.0,OF
Burrell,Pat,PHI,NL,122,121,1.0,OF
Burroughs,Sean,SDP,NL,125,119,-4.0,3B
Bush,Homer,NYY,AL,4,2,0.0,2B
Byrd,Marlon,PHI,NL,92,86,3.0,OF
Byrnes,Eric,OAK,AL,141,137,9.0,OF
Cabrera,Jolbert,SEA,AL,105,90,5.0,3B-OF-1B-2B-SS
Cabrera,Miguel,FLA,NL,158,158,-10.0,OF
Cabrera,Orlando,TOT,ZZ,158,157,0.0,SS
Cairo,Miguel,NYY,AL,122,103,-2.0,2B-3B-SS-1B
Calloway,Ron,MON,NL,20,15,-3.0,OF
Cameron,Mike,NYM,NL,135,132,-2.0,OF
Cantu,Jorge,TBD,AL,45,43,1.0,2B-3B-SS
Carroll,Jamey,MON,NL,69,51,0.0,2B-3B-SS-OF
Casey,Sean,CIN,NL,145,142,4.0,1B
Cash,Kevin,TOR,AL,60,50,2.0,C
Castilla,Vinny,COL,NL,148,147,17.0,3B
Castillo,Alberto,KCR,AL,29,28,2.0,C
Castillo,Jose,PIT,NL,124,105,-7.0,2B-SS
Castillo,Luis,FLA,NL,148,147,17.0,2B
Castro,Juan,CIN,NL,107,66,1.0,3B-SS-2B-1B
Castro,Ramon,FLA,NL,31,27,1.0,C
Castro,Ramon,OAK,AL,7,3,-1.0,3B-SS
Catalanotto,Frank,TOR,AL,41,34,1.0,OF
Cedeno,Roger,STL,NL,54,40,-11.0,OF
Cepicky,Matthew,MON,NL,11,10,2.0,OF
Chavez,Endy,MON,NL,127,122,15.0,OF
Chavez,Eric,OAK,AL,125,125,15.0,3B-OF
Chavez,Raul,HOU,NL,61,48,1.0,C
Chen,Chin-Feng,LAD,NL,3,1,1.0,OF
Choi,Hee-Seop,TOT,NL,112,98,-6.0,1B
Church,Ryan,MON,NL,18,14,7.0,OF
Cintron,Alex,ARI,NL,148,142,7.0,SS-2B-3B
Cirillo,Jeff,SDP,NL,26,14,-2.0,3B-1B-2B-OF
Clark,Brady,MIL,NL,133,86,1.0,OF
Clark,Howie,TOR,AL,31,29,-2.0,OF-1B-2B-3B
Clark,Jermaine,CIN,NL,9,6,0.0,OF-2B
Clark,Tony,NYY,AL,99,64,1.0,1B
Clayton,Royce,COL,NL,144,140,-7.0,SS
Closser,JD,COL,NL,32,29,-3.0,C
Colbrunn,Greg,ARI,NL,2,1,0.0,1B
Collier,Lou,PHI,NL,9,4,0.0,OF-3B
Conine,Jeff,FLA,NL,138,138,14.0,OF-1B
Conti,Jason,TEX,AL,21,14,-2.0,OF
Cora,Alex,LAD,NL,138,122,5.0,2B
Cordero,Wil,FLA,NL,16,14,0.0,1B-OF
Cota,Humberto,PIT,NL,24,13,-1.0,C
Counsell,Craig,MIL,NL,130,128,5.0,SS-3B
Crawford,Carl,TBD,AL,145,140,16.0,OF
Crede,Joe,CHW,AL,144,142,-9.0,3B
Crespo,Cesar,BOS,AL,52,16,1.0,SS-2B-OF
Crisp,Coco,CLE,AL,128,121,4.0,OF
Crosby,Bobby,OAK,AL,151,151,-8.0,SS
Crosby,Bubba,NYY,AL,45,8,-3.0,OF
Crozier,Eric,TOR,AL,5,4,0.0,1B
Cruz,Deivi,SFG,NL,107,95,8.0,SS-2B-3B
Cruz,Jacob,CIN,NL,35,20,-3.0,OF-1B
Cruz,José,TBD,AL,152,148,18.0,OF
Cuddyer,Michael,MIN,AL,106,86,-9.0,3B-2B-OF-1B
Cummings,Midre,TBD,AL,2,2,-1.0,OF
DaVanon,Jeff,ANA,AL,81,53,0.0,OF
Dallimore,Brian,SFG,NL,14,7,2.0,2B-3B
Damon,Johnny,BOS,AL,148,145,-3.0,OF
Daubach,Brian,BOS,AL,21,19,-3.0,1B-OF
Davis,Ben,TOT,AL,67,55,-2.0,C
Davis,J.J.,PIT,NL,17,9,-3.0,OF
DeJesus,David,KCR,AL,94,92,-4.0,OF
DeRosa,Mark,ATL,NL,87,71,-8.0,3B-SS-2B-OF
DeVore,Doug,ARI,NL,31,22,1.0,OF
Delgado,Carlos,TOR,AL,120,120,5.0,1B
Delgado,Wilson,NYM,NL,39,37,2.0,SS
Dellucci,David,TEX,AL,94,86,4.0,OF
Diaz,Matt,TBD,AL,4,4,-1.0,OF
Diaz,Victor,NYM,NL,14,12,3.0,OF
Difelice,Mike,TOT,ZZ,16,5,0.0,C
Dobbs,Greg,SEA,AL,14,12,0.0,3B
Dominique,Andy,BOS,AL,6,1,0.0,1B-C
Dransfeldt,Kelly,CHW,AL,10,5,-1.0,SS-3B
Drew,J.D.,ATL,NL,142,142,10.0,OF
Dubois,Jason,CHC,NL,6,2,-1.0,OF-1B
Duncan,Jeff,NYM,NL,4,2,1.0,OF
Dunn,Adam,CIN,NL,158,155,6.0,OF-1B
Durazo,Erubiel,OAK,AL,4,3,-2.0,1B
Durham,Ray,SFG,NL,118,115,1.0,2B
Durrington,Trent,MIL,NL,17,10,-4.0,3B-2B-P
Dye,Jermaine,OAK,AL,134,132,6.0,OF
Díaz,Einar,MON,NL,45,37,-4.0,C-3B
Easley,Damion,FLA,NL,66,45,4.0,2B-1B-SS-3B-OF
Eckstein,David,ANA,AL,138,136,0.0,SS
Edmonds,Jim,STL,NL,147,142,13.0,OF-1B
Ellison,Jason,SFG,NL,4,0,0.0,OF
Encarnacion,Juan,TOT,NL,133,131,1.0,OF
Ensberg,Morgan,HOU,NL,118,103,-3.0,3B-SS
Erickson,Matt,MIL,NL,2,1,1.0,2B-SS
Erstad,Darin,ANA,AL,124,124,-1.0,1B
Escalona,Felix,NYY,AL,5,2,1.0,SS-3B
Escobar,Alex,CLE,AL,42,42,0.0,OF
Estalella,Bobby,TOT,ZZ,9,6,-1.0,C
Estrada,Johnny,ATL,NL,133,120,-5.0,C
Everett,Adam,HOU,NL,99,97,10.0,SS
Everett,Carl,TOT,ZZ,34,34,-3.0,OF
Feliz,Pedro,SFG,NL,127,110,7.0,1B-3B-SS-OF
Fick,Robert,TOT,MLB,34,28,-1.0,OF-1B-C
Figgins,Chone,ANA,AL,146,142,-3.0,3B-OF-2B-SS
Finley,Steve,TOT,NL,158,157,1.0,OF
Flaherty,John,NYY,AL,46,35,0.0,C
Flores,Jose,LAD,NL,1,1,0.0,3B-2B
Floyd,Cliff,NYM,NL,106,105,-7.0,OF
Ford,Lew,MIN,AL,126,121,6.0,OF
Fordyce,Brook,TBD,AL,51,46,0.0,C
Fox,Andy,TOT,MLB,19,6,2.0,2B-SS-3B-OF-1B
Franco,Julio,ATL,NL,84,71,2.0,1B
Freel,Ryan,CIN,NL,137,128,1.0,OF-3B-2B
Freeman,Choo,COL,NL,41,24,-8.0,OF
Fullmer,Brad,TEX,AL,4,3,-1.0,1B
Furcal,Rafael,ATL,NL,132,130,1.0,SS-2B
Galarraga,Andres,ANA,AL,1,1,1.0,1B
Garcia,Daniel,NYM,NL,44,40,-1.0,2B
Garcia,Jesse,ATL,NL,37,26,-1.0,SS-2B-3B
Garcia,Karim,TOT,MLB,71,61,-2.0,OF-1B
Garciaparra,Nomar,TOT,ZZ,79,78,-12.0,SS
Gathright,Joey,TBD,AL,16,14,-7.0,OF
German,Esteban,OAK,AL,25,13,-1.0,3B-2B
Gerut,Jody,CLE,AL,131,122,-5.0,OF
Gettis,Byron,KCR,AL,21,15,-3.0,OF
Giambi,Jason,NYY,AL,47,47,-3.0,1B
Gibbons,Jay,BAL,AL,79,75,10.0,OF-1B
Gil,Geronimo,BAL,AL,11,8,1.0,C
Gil,Jerry,ARI,NL,28,24,1.0,SS
Giles,Brian,SDP,NL,159,158,-10.0,OF
Giles,Marcus,ATL,NL,97,94,6.0,2B
Ginter,Keith,MIL,NL,103,95,-4.0,2B-3B-OF
Gipson,Charles,TBD,AL,4,0,1.0,OF-SS
Glanville,Doug,PHI,NL,68,30,8.0,OF
Glaus,Troy,ANA,AL,19,19,-4.0,3B
Gload,Ross,CHW,AL,78,46,-8.0,OF-1B
Gomez,Alexis,KCR,AL,12,7,1.0,OF
Gomez,Chris,TOR,AL,102,88,-3.0,SS-1B-3B-2B
Gonzalez,Alex,FLA,NL,158,155,0.0,SS
Gonzalez,Alex,TOT,NL,81,77,-7.0,SS
Gonzalez,Juan,KCR,AL,29,29,-11.0,OF
Gonzalez,Luis,COL,NL,88,70,-13.0,2B-OF-3B-SS
Gonzalez,Luis,ARI,NL,104,103,-17.0,OF
Gonzalez,Raul,CLE,AL,4,2,1.0,OF
González,Adrián,TEX,AL,11,10,-1.0,1B
Goodwin,Tom,CHC,NL,28,11,-2.0,OF
Gotay,Ruben,KCR,AL,42,41,-5.0,2B
Grabowski,Jason,LAD,NL,33,23,0.0,OF-1B
Graffanino,Tony,KCR,AL,75,72,4.0,2B
Granderson,Curtis,DET,AL,8,7,-1.0,OF
Green,Andy,ARI,NL,36,22,0.0,3B-2B-OF
Green,Nick,ATL,NL,80,61,2.0,2B-3B-OF
Green,Shawn,LAD,NL,153,153,-8.0,1B-OF
Greene,Khalil,SDP,NL,136,134,7.0,SS
Greene,Todd,COL,NL,53,48,-6.0,C
Grieve,Ben,TOT,NL,69,66,-7.0,OF
Griffey Jr.,Ken,CIN,NL,77,77,-7.0,OF
Grissom,Marquis,SFG,NL,142,138,5.0,OF
Gross,Gabe,TOR,AL,38,33,-3.0,OF
Grudzielanek,Mark,CHC,NL,76,61,5.0,2B
Guerrero,Vladimir,ANA,AL,143,143,6.0,OF
Guerrero,Wilton,KCR,AL,18,4,-2.0,2B-OF-SS-3B-1B
Guiel,Aaron,KCR,AL,39,35,3.0,OF
Guillen,Carlos,DET,AL,135,133,-17.0,SS
Guillen,Jose,ANA,AL,136,136,-5.0,OF
Gutierrez,Ricky,TOT,MLB,40,23,-1.0,2B-SS-3B
Guzman,Cristian,MIN,AL,145,143,-12.0,SS
Guzman,Freddy,SDP,NL,17,16,2.0,OF
Hafner,Travis,CLE,AL,11,10,-1.0,1B
Hairston,Jerry,BAL,AL,62,60,-1.0,OF-2B-3B
Hairston,Scott,ARI,NL,88,83,-2.0,2B-OF
Hall,Bill,MIL,NL,97,88,5.0,2B-SS-3B
Hall,Toby,TBD,AL,119,115,1.0,C
Halter,Shane,ANA,AL,43,28,-7.0,3B-2B-SS-1B
Hammock,Robby,ARI,NL,59,52,-3.0,C-OF-3B
Hammonds,Jeffrey,SFG,NL,28,22,3.0,OF
Hansen,Dave,TOT,ZZ,22,7,1.0,1B-3B
Harris,Brendan,TOT,NL,17,16,-7.0,2B-3B
Harris,Lenny,FLA,NL,17,9,0.0,OF-3B
Harris,Willie,CHW,AL,117,101,-5.0,2B-OF
Hart,Bo,STL,NL,5,3,0.0,2B-SS
Harvey,Ken,KCR,AL,77,77,-9.0,1B-OF
Hatteberg,Scott,OAK,AL,148,143,-2.0,1B
Hawpe,Brad,COL,NL,34,30,-3.0,OF
Helms,Wes,MIL,NL,76,75,-24.0,3B-1B
Helton,Todd,COL,NL,153,151,10.0,1B
Hermansen,Chad,TOR,AL,4,2,0.0,OF
Hernandez,Ramon,SDP,NL,108,106,2.0,C
Hernández,José,LAD,NL,84,52,2.0,2B-SS-OF-3B-1B
Hessman,Mike,ATL,NL,23,13,0.0,1B-3B-OF
Hidalgo,Richard,TOT,NL,142,137,1.0,OF
Hietpas,Joe,NYM,NL,1,0,0.0,C
Higginson,Bobby,DET,AL,115,110,10.0,OF
Hill,Bobby,PIT,NL,63,50,-6.0,2B-3B
Hill,Koyie,ARI,NL,11,10,-2.0,C
Hillenbrand,Shea,ARI,NL,146,144,4.0,1B-3B
Hinch,A.J.,PHI,NL,4,1,1.0,C
Hinske,Eric,TOR,AL,153,148,-13.0,3B
Hocking,Denny,COL,NL,48,16,4.0,OF-SS-2B-3B
Hollandsworth,Todd,CHC,NL,38,32,1.0,OF-1B
Holliday,Matt,COL,NL,115,109,-9.0,OF
Hollins,Damon,ATL,NL,6,5,1.0,OF
House,J.R.,PIT,NL,3,2,0.0,C
Howard,Ryan,PHI,NL,8,5,2.0,1B
Huckaby,Ken,TOT,AL,24,16,-1.0,C
Hudson,Orlando,TOR,AL,133,128,9.0,2B
Huff,Aubrey,TBD,AL,123,123,0.0,3B-1B-OF
Hummel,Tim,CIN,NL,41,23,3.0,3B-1B-2B-SS
Hunter,Torii,MIN,AL,126,124,-5.0,OF
Hyzdu,Adam,BOS,AL,14,0,0.0,OF
Ibanez,Raul,SEA,AL,120,117,2.0,OF-1B
Infante,Omar,DET,AL,140,123,-4.0,2B-SS-OF-3B
Inge,Brandon,DET,AL,130,112,-3.0,3B-C-OF
Izturis,Cesar,LAD,NL,159,156,11.0,SS
Izturis,Maicer,MON,NL,31,30,0.0,SS-2B
Jackson,Damian,TOT,MLB,12,3,-1.0,2B-OF-SS
Jacobsen,Bucky,SEA,AL,21,21,-1.0,1B
Jenkins,Geoff,MIL,NL,156,154,9.0,OF
Jeter,Derek,NYY,AL,154,154,5.0,SS
Jimenez,D'Angelo,CIN,NL,149,146,1.0,2B-SS
Johnson,Charles,COL,NL,91,85,-7.0,C
Johnson,Mark,MIL,NL,5,4,-1.0,C
Johnson,Nick,MON,NL,73,70,-4.0,1B
Johnson,Reed,TOR,AL,137,123,-7.0,OF
Jones,Andruw,ATL,NL,154,153,17.0,OF
Jones,Chipper,ATL,NL,125,122,9.0,3B-OF
Jones,Jacque,MIN,AL,142,139,-2.0,OF
Jordan,Brian,TEX,AL,44,40,1.0,OF
Kapler,Gabe,BOS,AL,127,73,1.0,OF
Karros,Eric,OAK,AL,22,14,-3.0,1B
Kata,Matt,ARI,NL,41,38,8.0,2B-3B-SS
Kearns,Austin,CIN,NL,60,59,3.0,OF
Kelton,David,CHC,NL,3,1,0.0,OF
Kendall,Jason,PIT,NL,146,145,5.0,C
Kennedy,Adam,ANA,AL,144,138,3.0,2B
Kent,Jeff,HOU,NL,139,138,2.0,2B
Keppinger,Jeff,NYM,NL,32,27,2.0,2B
Kielty,Bobby,OAK,AL,67,50,-1.0,OF
Klesko,Ryan,SDP,NL,118,117,-17.0,OF-1B
Knoedler,Justin,SFG,NL,1,0,0.0,C
Knott,Jon,SDP,NL,5,3,1.0,OF
Konerko,Paul,CHW,AL,139,137,-12.0,1B
Koskie,Corey,MIN,AL,115,112,4.0,3B
Kotchman,Casey,ANA,AL,34,27,-2.0,1B
Kotsay,Mark,OAK,AL,145,140,8.0,OF
Kroeger,Josh,ARI,NL,19,13,4.0,OF
Krynzel,Dave,MIL,NL,10,9,2.0,OF
Kubel,Jason,MIN,AL,10,6,-2.0,OF
LaRoche,Adam,ATL,NL,98,82,-4.0,1B
LaRue,Jason,CIN,NL,111,106,-5.0,C-OF
Labandeira,Josh,MON,NL,5,2,-2.0,SS-2B
Laird,Gerald,TEX,AL,49,46,3.0,C
Laker,Tim,CLE,AL,42,31,-1.0,C-P
Lamb,Mike,HOU,NL,72,65,0.0,3B-1B-2B
Lane,Jason,HOU,NL,79,23,3.0,OF-1B
Lankford,Ray,STL,NL,70,45,-1.0,OF
Larkin,Barry,CIN,NL,85,81,-4.0,SS
Larson,Brandon,CIN,NL,35,33,-7.0,3B
Lawton,Matt,CLE,AL,142,141,-5.0,OF
LeCroy,Matt,MIN,AL,48,36,-4.0,1B-C
Ledee,Ricky,TOT,NL,37,31,5.0,OF
Lee,Carlos,CHW,AL,148,148,4.0,OF
Lee,Derrek,CHC,NL,161,159,3.0,1B
Lee,Travis,NYY,AL,6,4,0.0,1B
Leon,Jose,BAL,AL,21,15,2.0,1B-3B
Leone,Justin,SEA,AL,29,29,-4.0,3B-SS
Lieberthal,Mike,PHI,NL,129,123,-4.0,C
Liefer,Jeff,MIL,NL,3,3,-1.0,OF
Linden,Todd,SFG,NL,11,6,1.0,OF
Little,Mark,CLE,AL,11,6,-3.0,OF
Lofton,Kenny,NYY,AL,74,67,-9.0,OF
Logan,Nook,DET,AL,46,41,6.0,OF
Long,Terrence,SDP,NL,87,56,3.0,OF
Lopez,Felipe,CIN,NL,75,65,-6.0,SS-3B-2B
Lopez,Javy,BAL,AL,132,125,-5.0,C
Lopez,Jose,SEA,AL,57,55,-3.0,SS-3B
Lopez,Luis,MON,NL,8,6,-1.0,1B
Lopez,Luis,BAL,AL,36,10,-2.0,3B-SS-2B-1B
Lopez,Mickey,SEA,AL,3,0,1.0,2B
Loretta,Mark,SDP,NL,154,154,1.0,2B
Lowell,Mike,FLA,NL,154,153,4.0,3B
Lo Duca,Paul,TOT,NL,139,135,-3.0,C-OF-1B
Ludwick,Ryan,CLE,AL,15,13,2.0,OF
Lugo,Julio,TBD,AL,151,150,11.0,SS-2B
Luna,Hector,STL,NL,64,38,0.0,SS-2B-3B-OF
López,Mendy,KCR,AL,17,10,-1.0,2B-OF-3B-SS-1B
Mabry,John,STL,NL,82,62,0.0,OF-3B-1B
Machado,Anderson,CIN,NL,17,16,-4.0,SS
Machado,Robert,BAL,AL,35,19,2.0,C
Macias,Jose,CHC,NL,59,28,-4.0,OF-3B-2B
Mackowiak,Rob,PIT,NL,147,122,-1.0,OF-3B-1B
Magruder,Chris,MIL,NL,24,13,2.0,OF
Majewski,Val,BAL,AL,4,3,2.0,OF
Marrero,Eli,ATL,NL,73,60,0.0,OF
Martinez,Edgar,SEA,AL,0,0,,3B
Martinez,Ramon,CHC,NL,99,69,1.0,SS-3B-2B
Martinez,Sandy,TOT,AL,4,1,0.0,C
Martinez,Tino,TBD,AL,114,110,4.0,1B
Martinez,Victor,CLE,AL,132,124,-3.0,C
Mateo,Henry,MON,NL,10,1,-3.0,2B-OF
Mateo,Ruben,TOT,ZZ,40,32,1.0,OF
Matheny,Mike,STL,NL,122,110,5.0,C-1B
Matos,Luis,BAL,AL,89,85,-3.0,OF
Matsui,Hideki,NYY,AL,160,160,-14.0,OF
Matsui,Kazuo,NYM,NL,113,111,-7.0,SS-2B
Matthews,Gary,TEX,AL,85,77,3.0,OF
Mauer,Joe,MIN,AL,32,29,2.0,C
Mayne,Brent,TOT,NL,77,60,2.0,C-1B
McCarty,Dave,BOS,AL,77,31,-2.0,1B-OF-P
McCracken,Quinton,TOT,ZZ,45,41,-3.0,OF
McDonald,Darnell,BAL,AL,13,9,2.0,OF
McDonald,John,CLE,AL,50,20,6.0,SS-2B-3B
McEwing,Joe,NYM,NL,68,32,-2.0,2B-SS-OF-1B-3B
McGriff,Fred,TBD,AL,6,6,-2.0,1B
McKay,Cody,STL,NL,27,13,1.0,C-3B-1B-P
McLemore,Mark,OAK,AL,74,68,-9.0,2B-3B-OF
McMillon,Billy,OAK,AL,24,13,3.0,OF-1B
McPherson,Dallas,ANA,AL,14,11,-1.0,3B
Melhuse,Adam,OAK,AL,67,53,2.0,C-3B-1B
Mench,Kevin,TEX,AL,109,102,18.0,OF
Menechino,Frank,TOT,AL,62,56,2.0,2B-SS-3B-P
Merloni,Lou,CLE,AL,59,52,-1.0,1B-3B-2B-OF
Michaels,Jason,PHI,NL,78,68,6.0,OF
Mientkiewicz,Doug,TOT,AL,124,100,2.0,1B-2B
Miles,Aaron,COL,NL,128,116,4.0,2B
Millar,Kevin,BOS,AL,137,132,-7.0,OF-1B
Miller,Corky,CIN,NL,12,12,-1.0,C
Miller,Damian,OAK,AL,109,109,9.0,C
Minor,Damon,SFG,NL,17,15,1.0,1B
Mirabelli,Doug,BOS,AL,53,41,-8.0,C
Moeller,Chad,MIL,NL,100,92,-4.0,C
Mohr,Dustan,SFG,NL,95,63,1.0,OF
Molina,Bengie,ANA,AL,89,89,-3.0,C
Molina,José,ANA,AL,72,57,10.0,C-1B
Molina,Yadier,STL,NL,51,39,3.0,C
Mondesí,Raul,TOT,ZZ,33,33,-4.0,OF
Monroe,Craig,DET,AL,125,115,5.0,OF
Mora,Melvin,BAL,AL,137,137,-15.0,3B-SS
Mordecai,Mike,FLA,NL,26,6,-3.0,3B-SS-C-2B
Morneau,Justin,MIN,AL,61,61,-2.0,1B
Mottola,Chad,BAL,AL,5,3,1.0,OF
Mo Peña,Wily,CIN,NL,91,85,4.0,OF
Mueller,Bill,BOS,AL,110,108,-7.0,3B-2B
Munson,Eric,DET,AL,95,87,-8.0,3B-C
Murphy,Donnie,KCR,AL,7,7,0.0,2B
Murray,Calvin,CHC,NL,8,0,2.0,OF
Myers,Greg,TOR,AL,4,4,0.0,C
Nady,Xavier,SDP,NL,22,16,0.0,OF
Navarro,Dioner,NYY,AL,4,1,0.0,C
Nevin,Phil,SDP,NL,144,142,-4.0,1B-C
Newhan,David,BAL,AL,59,56,-3.0,OF-3B-1B
Nivar,Ramon,TEX,AL,6,6,-1.0,OF
Nix,Laynce,TEX,AL,114,100,-1.0,OF
Nixon,Trot,BOS,AL,40,36,1.0,OF
Norton,Greg,DET,AL,28,17,-3.0,3B-1B-OF
Nunez,Abraham,TOT,ZZ,105,69,9.0,OF
Nunez,Abraham,PIT,NL,49,29,4.0,2B-SS-3B-P
Offerman,Jose,MIN,AL,9,7,-1.0,1B-2B
Ojeda,Augie,MIN,AL,29,16,2.0,2B-SS-3B
Ojeda,Miguel,SDP,NL,50,37,2.0,C
Olerud,John,TOT,AL,124,118,2.0,1B
Olivo,Miguel,TOT,AL,95,83,-1.0,C
Olmedo,Ray,CIN,NL,7,0,0.0,SS
Olson,Tim,ARI,NL,37,23,-1.0,3B-SS-OF
Ordonez,Magglio,CHW,AL,43,43,-1.0,OF
Ordóñez,Rey,CHC,NL,22,17,-1.0,SS
Ortiz,David,BOS,AL,34,31,3.0,1B
Osik,Keith,BAL,AL,11,6,-1.0,C
Overbay,Lyle,MIL,NL,158,150,-2.0,1B
Palmeiro,Orlando,HOU,NL,37,17,-2.0,OF
Palmeiro,Rafael,BAL,AL,130,128,-5.0,1B
Pascucci,Val,MON,NL,19,17,2.0,OF-1B
Patterson,Corey,CHC,NL,157,152,11.0,OF
Paul,Josh,ANA,AL,41,17,0.0,C-OF
Payton,Jay,SDP,NL,137,115,17.0,OF
Pellow,Kit,COL,NL,46,26,-4.0,OF-1B-3B-C
Pena,Carlos,DET,AL,135,131,-10.0,1B
Peralta,Jhonny,CLE,AL,8,7,-1.0,SS-3B
Perez,Antonio,LAD,NL,2,0,-1.0,2B-SS
Perez,Eduardo,TBD,AL,8,8,-3.0,1B-OF-3B
Perez,Neifi,TOT,NL,114,92,5.0,SS-2B-3B
Perez,Timo,CHW,AL,80,69,1.0,OF
Perez,Tomas,PHI,NL,59,33,0.0,2B-3B-SS-1B
Perry,Herbert,TEX,AL,20,16,2.0,1B-3B
Phelps,Josh,TOT,AL,20,18,-3.0,1B
Phillips,Andy,NYY,AL,4,2,1.0,3B
Phillips,Brandon,CLE,AL,6,6,-1.0,2B
Phillips,Jason,NYM,NL,119,101,3.0,C-1B
Phillips,Paul,KCR,AL,4,1,0.0,C
Piazza,Mike,NYM,NL,115,115,-12.0,1B-C
Pickering,Calvin,KCR,AL,8,7,1.0,1B
Piedra,Jorge,COL,NL,34,22,1.0,OF
Pierre,Juan,FLA,NL,162,162,-10.0,OF
Pierzynski,A.J.,SFG,NL,118,117,-4.0,C
Podsednik,Scott,MIL,NL,153,152,25.0,OF
Polanco,Placido,PHI,NL,120,116,8.0,2B-3B
Pond,Simon,TOR,AL,9,9,1.0,OF
Porter,Colin,STL,NL,14,5,1.0,OF
Posada,Jorge,NYY,AL,134,126,-3.0,C
Pratt,Todd,PHI,NL,43,38,-2.0,C
Pride,Curtis,ANA,AL,24,4,0.0,OF
Prieto,Alex,MIN,AL,15,9,0.0,2B-SS-3B
Pujols,Albert,STL,NL,150,150,15.0,1B
Punto,Nick,MIN,AL,32,22,2.0,2B-SS-OF-3B
Pérez,Eddie,ATL,NL,67,42,4.0,C-1B
Quinlan,Robb,ANA,AL,50,38,-2.0,3B-1B-OF
Quintero,Humberto,SDP,NL,21,19,0.0,C
Quiroz,Guillermo,TOR,AL,15,13,-2.0,C
Raburn,Ryan,DET,AL,11,7,0.0,2B
Raines Jr.,Tim,BAL,AL,38,21,8.0,OF
Ramirez,Aramis,CHC,NL,144,141,1.0,3B
Ramirez,Manny,BOS,AL,132,132,-11.0,OF
Randa,Joe,KCR,AL,121,120,5.0,3B-1B
Ransom,Cody,SFG,NL,61,12,-5.0,SS-2B-OF-3B
Redman,Tike,PIT,NL,147,134,8.0,OF
Redmond,Mike,FLA,NL,79,71,-2.0,C
Reed,Jeremy,SEA,AL,16,14,3.0,OF
Reese,Pokey,BOS,AL,94,75,20.0,SS-2B
Relaford,Desi,KCR,AL,111,103,1.0,3B-2B-OF-SS
Renteria,Edgar,STL,NL,149,148,7.0,SS
Restovich,Michael,MIN,AL,19,9,-3.0,OF
Reyes,José,NYM,NL,50,48,4.0,2B-SS
Reyes,Rene,COL,NL,21,12,-1.0,OF
Riggs,Adam,ANA,AL,10,5,1.0,OF-2B-1B
Rios,Alex,TOR,AL,111,109,1.0,OF
Rivas,Luis,MIN,AL,109,95,-5.0,2B
Rivera,Carlos,PIT,NL,7,4,0.0,1B
Rivera,Juan,MON,NL,121,93,-2.0,OF
Rivera,René,SEA,AL,2,0,0.0,C
Roberts,Brian,BAL,AL,150,148,-7.0,2B
Roberts,Dave,TOT,ZZ,100,76,6.0,OF
Robinson,Kerry,SDP,NL,49,7,-6.0,OF
Rodriguez,Alex,NYY,AL,155,155,3.0,3B-SS
Rodriguez,Ivan,DET,AL,124,123,-3.0,C
Rolen,Scott,STL,NL,141,139,27.0,3B
Rollins,Jimmy,PHI,NL,154,153,11.0,SS
Rolls,Damian,TBD,AL,44,28,-3.0,OF-3B-2B-1B
Romano,Jason,TOT,MLB,13,6,-3.0,OF-2B
Rose,Mike,OAK,AL,2,0,0.0,C
Ross,David,LAD,NL,67,51,1.0,C
Rowand,Aaron,CHW,AL,137,122,8.0,OF
Ryan,Mike,MIN,AL,15,7,1.0,OF
Sadler,Donnie,ARI,NL,13,2,0.0,SS-OF-2B-3B
Saenz,Olmedo,LAD,NL,27,14,1.0,1B-3B
Salmon,Tim,ANA,AL,8,7,1.0,OF
Sanchez,Alex,DET,AL,78,77,-2.0,OF
Sanchez,Freddy,PIT,NL,6,4,-2.0,2B-SS-3B
Sanchez,Rey,TBD,AL,89,82,16.0,2B-SS
Sanders,Reggie,STL,NL,119,112,7.0,OF
Santiago,Benito,KCR,AL,49,48,-4.0,C
Santiago,Ramon,SEA,AL,16,10,-2.0,SS
Schneider,Brian,MON,NL,133,125,16.0,C
Scutaro,Marco,OAK,AL,136,117,-5.0,2B-SS-3B
Segui,David,BAL,AL,2,2,0.0,1B
Sexson,Richie,ARI,NL,23,23,3.0,1B
Sheffield,Gary,NYY,AL,136,136,-11.0,OF-3B
Shelton,Chris,DET,AL,15,2,-1.0,1B-C-OF
Sierra,Ruben,NYY,AL,29,22,0.0,OF
Simon,Randall,TOT,ZZ,47,42,0.0,1B
Simontacchi,Jason,STL,NL,14,0,0.0,P-OF
Sizemore,Grady,CLE,AL,42,38,8.0,OF
Sledge,Terrmel,MON,NL,122,102,17.0,OF-1B
Smith,Jason,DET,AL,55,40,-3.0,2B-SS-3B
Snead,Esix,NYM,NL,1,0,0.0,OF
Snow,J.T.,SFG,NL,100,88,-5.0,1B
Snyder,Chris,ARI,NL,29,27,-1.0,C
Snyder,Earl,BOS,AL,1,1,0.0,3B
Soriano,Alfonso,TEX,AL,142,142,-20.0,2B
Sosa,Sammy,CHC,NL,124,124,6.0,OF
Spencer,Shane,NYM,NL,63,39,7.0,OF-1B
Spiezio,Scott,SEA,AL,106,95,9.0,3B-1B
Spivey,Junior,MIL,NL,58,58,1.0,2B-SS
Stairs,Matt,KCR,AL,98,93,-15.0,OF-1B
Stewart,Shannon,MIN,AL,71,71,-11.0,OF
Stinnett,Kelly,KCR,AL,20,17,-2.0,C
Stynes,Chris,PIT,NL,71,39,4.0,3B
Surhoff,B.J.,BAL,AL,78,70,8.0,OF-1B
Sutton,Larry,FLA,NL,1,0,0.0,1B
Suzuki,Ichiro,SEA,AL,158,158,27.0,OF
Sweeney,Mark,COL,NL,42,29,-3.0,OF-1B
Sweeney,Mike,KCR,AL,55,55,-7.0,1B
Swisher,Nick,OAK,AL,17,16,0.0,OF-1B
Taguchi,So,STL,NL,103,36,2.0,OF
Taveras,Willy,HOU,NL,7,0,0.0,OF
Teixeira,Mark,TEX,AL,143,142,7.0,1B-OF
Tejada,Miguel,BAL,AL,162,162,2.0,SS
Terrero,Luis,ARI,NL,61,59,-3.0,OF
Thames,Marcus,DET,AL,52,38,7.0,OF
Thomas,Charles,ATL,NL,71,62,14.0,OF
Thomas,Frank,CHW,AL,4,4,1.0,1B
Thome,Jim,PHI,NL,134,134,3.0,1B
Thompson,Rich,KCR,AL,3,0,0.0,OF
Thurston,Joe,LAD,NL,4,0,0.0,2B
Tiffee,Terry,MIN,AL,13,11,1.0,3B-1B
Tonis,Mike,KCR,AL,2,2,-1.0,C
Torrealba,Yorvit,SFG,NL,59,45,0.0,C
Torres,Andres,DET,AL,1,0,0.0,OF
Tracy,Andy,COL,NL,1,1,0.0,3B
Tracy,Chad,ARI,NL,138,122,6.0,3B-1B-OF
Treanor,Matt,FLA,NL,27,14,-1.0,C
Tremie,Chris,HOU,NL,1,0,0.0,C
Tucker,Michael,SFG,NL,124,114,-1.0,OF
Upton,B.J.,TBD,AL,30,29,-4.0,SS-3B-OF
Uribe,Juan,CHW,AL,130,121,4.0,2B-SS-3B
Utley,Chase,PHI,NL,63,57,4.0,2B-1B
Valdez,Wilson,CHW,AL,17,12,0.0,SS-2B
Valent,Eric,NYM,NL,68,56,0.0,OF-1B
Valentin,Javier,CIN,NL,61,47,-4.0,C-1B
Valentin,Jose,CHW,AL,122,117,9.0,SS
Vander Wal,John,CIN,NL,11,7,-1.0,OF-1B
Varitek,Jason,BOS,AL,130,121,3.0,C
Ventura,Robin,LAD,NL,50,25,4.0,1B-3B-P
Vidro,Jose,MON,NL,105,104,-11.0,2B
Vina,Fernando,DET,AL,29,28,2.0,2B
Vizcaino,Jose,HOU,NL,105,78,6.0,SS-2B-3B-1B
Vizquel,Omar,CLE,AL,147,141,-1.0,SS
Vázquez,Ramón,SDP,NL,41,24,1.0,SS-2B-3B-1B
Walker,Larry,TOT,NL,75,69,1.0,OF
Walker,Todd,CHC,NL,95,88,3.0,2B-1B-OF
Ward,Daryle,PIT,NL,74,73,0.0,1B-OF
Wells,Vernon,TOR,AL,131,130,-6.0,OF
Werth,Jayson,LAD,NL,79,70,8.0,OF
White,Rondell,DET,AL,74,73,0.0,OF
Wigginton,Ty,TOT,NL,141,131,-7.0,3B-2B-1B
Wilkerson,Brad,MON,NL,157,154,14.0,1B-OF
Williams,Bernie,NYY,AL,97,93,-22.0,OF
Williams,Gerald,NYM,NL,45,27,-2.0,OF
Willingham,Josh,FLA,NL,8,6,-1.0,C-OF
Wilson,Craig,PIT,NL,151,148,-16.0,OF-1B-C
Wilson,Dan,SEA,AL,103,91,5.0,C
Wilson,Enrique,NYY,AL,91,68,-1.0,2B-SS
Wilson,Jack,PIT,NL,156,155,8.0,SS
Wilson,Preston,COL,NL,52,51,-4.0,OF
Wilson,Tom,TOT,NL,10,1,0.0,C
Wilson,Vance,NYM,NL,69,38,1.0,C
Winn,Randy,SEA,AL,154,151,-1.0,OF
Wise,Dewayne,ATL,NL,56,31,0.0,OF
Womack,Tony,STL,NL,133,125,12.0,2B
Woodward,Chris,TOR,AL,64,60,4.0,SS
Wooten,Shawn,PHI,NL,15,9,0.0,1B-3B
Wright,David,NYM,NL,69,68,1.0,3B
Youkilis,Kevin,BOS,AL,65,54,8.0,3B
Young,Dmitri,DET,AL,27,27,5.0,1B-OF-3B
Young,Michael,TEX,AL,158,158,-25.0,SS
Young Sr.,Eric,TEX,AL,75,66,-12.0,OF-2B-SS-3B
Zaun,Gregg,TOR,AL,97,91,-1.0,C
Zeile,Todd,NYM,NL,102,75,-6.0,1B-3B-C-P
Zinter,Alan,ARI,NL,8,3,1.0,1B
